nodeID1,nodeID2,TargetSize,Visible,Edge_ID,Distance
1,2,-1836.558,FALSE,1,24363.9
1,3,-2020.678,FALSE,2,23772.54
1,4,-4883.777,FALSE,3,23069.84
1,5,-5439.088,FALSE,4,20932.57
1,6,10,TRUE,5,10085.55
7,8,-4246.99,FALSE,6,23765.98
7,9,-4362.504,FALSE,7,24231.2
7,10,-368.213,FALSE,8,11753.61
7,11,-182.882,FALSE,9,4420.31
7,12,-135.961,FALSE,10,3895.01
7,13,10,TRUE,11,3940.08
7,14,10,TRUE,12,6594.69
7,15,-1501.998,FALSE,13,13253.71
7,16,-1107.709,FALSE,14,13586.37
7,17,-2981.253,FALSE,15,17681.68
7,18,-1340.344,FALSE,16,11550.29
7,19,-1405.472,FALSE,17,11315.31
7,20,-1920.425,FALSE,18,16560.24
7,21,-3568.701,FALSE,19,20936.1
7,22,-2403.482,FALSE,20,24404.85
7,23,-1336.161,FALSE,21,19462.39
7,24,-1587.659,FALSE,22,17698.31
7,25,-1005.342,FALSE,23,19185.19
7,26,-3.655,FALSE,24,15786.28
7,27,-569.33,FALSE,25,17482.07
7,28,10,TRUE,26,13166.58
7,29,-2884.298,FALSE,27,23610.84
7,30,-483.76,FALSE,28,14673.98
7,31,-1989.738,FALSE,29,16252.62
32,33,-597.944,FALSE,30,24167.47
32,34,-1265.031,FALSE,31,23035.1
32,35,-350.778,FALSE,32,20827.54
32,36,10,TRUE,33,18849.81
32,37,-1129.332,FALSE,34,24144.96
32,38,-648.002,FALSE,35,22223.35
32,39,-718.938,FALSE,36,21421.74
32,40,-240.5,FALSE,37,24451.93
32,41,10,TRUE,38,16780.64
32,42,10,TRUE,39,18660.61
32,43,10,TRUE,40,20986.51
32,44,-233.424,FALSE,41,14452.46
32,45,10,TRUE,42,6780.36
32,46,10,TRUE,43,13680.45
32,47,10,TRUE,44,14458.38
32,48,-269.941,FALSE,45,13059.47
49,50,-3594.354,FALSE,46,23018.78
49,51,-4178.865,FALSE,47,22501.64
49,52,-4307.36,FALSE,48,23506.66
49,53,-3412.148,FALSE,49,11739.53
49,54,-3000.196,FALSE,50,10896.63
49,55,-2994.792,FALSE,51,9471.65
49,56,-2122.039,FALSE,52,6852.62
49,57,-1969.52,FALSE,53,9732.72
49,58,-712.505,FALSE,54,12592.25
49,59,-1487.01,FALSE,55,16543.3
49,60,-1527.225,FALSE,56,17557.51
49,61,-1344.485,FALSE,57,21371.06
49,62,-1096.938,FALSE,58,10264.52
49,63,10,TRUE,59,18655.22
49,64,-778.368,FALSE,60,24224.99
49,65,-276.759,FALSE,61,5114.82
49,66,-654.36,FALSE,62,15412.33
49,8,-3471.287,FALSE,63,10955.72
49,9,-3991.155,FALSE,64,11098.41
49,67,-96.601,FALSE,65,5427.68
49,68,-914.922,FALSE,66,6855.68
49,69,10,TRUE,67,907
49,70,0.537,TRUE,68,1536.85
49,71,-1983.186,FALSE,69,7069.39
49,72,-7088.206,FALSE,70,24421.19
49,73,-6797.973,FALSE,71,22507.19
49,74,-6304.443,FALSE,72,22153.05
49,75,-6784.412,FALSE,73,21187.97
49,76,-5605.497,FALSE,74,20623.67
49,77,-5346.126,FALSE,75,17669.66
49,78,-3908.017,FALSE,76,14155.46
49,17,-6684.794,FALSE,77,19612.19
49,20,-5227.058,FALSE,78,18810.5
49,21,-4873.149,FALSE,79,16636.31
60,79,-15132.533,FALSE,80,24156.85
60,80,-14148.2,FALSE,81,23420.63
60,81,-9458.827,FALSE,82,17780.89
60,53,-7598.112,FALSE,83,15285.16
60,54,-8229.75,FALSE,84,17415.1
60,55,-6082.369,FALSE,85,11915.58
60,56,-6025.916,FALSE,86,12846.89
60,57,-7878.939,FALSE,87,18514.49
60,82,-4043.143,FALSE,88,19680.74
60,83,-5261.722,FALSE,89,23146.61
60,84,-6049.826,FALSE,90,20957.33
60,58,-1125.502,FALSE,91,5059.09
60,59,-222.442,FALSE,92,1184.97
60,61,-957.781,FALSE,93,3827.12
60,85,-2496.993,FALSE,94,11763.98
60,62,-2413.833,FALSE,95,7300.7
60,63,-136.266,FALSE,96,4833.92
60,86,-7942.191,FALSE,97,15272.82
60,64,-1395.66,FALSE,98,7419.44
60,65,-3921.333,FALSE,99,13196.65
60,66,-1979.778,FALSE,100,12342.31
60,67,-2726.072,FALSE,102,17110.55
60,68,-6705.123,FALSE,103,24382.29
60,69,-5096.179,FALSE,104,16897.42
60,70,-5370.239,FALSE,105,17017.74
60,71,-8677.209,FALSE,106,22854.06
60,72,-7272.78,FALSE,107,17245.28
60,73,-6179.82,FALSE,108,14809.98
60,74,-5965.507,FALSE,109,15377.53
60,75,-5535.924,FALSE,110,12786.97
60,76,-5759.456,FALSE,111,14683.07
60,77,-4778.658,FALSE,112,10395.65
60,78,-6417.653,FALSE,113,12519.38
60,87,-9863.904,FALSE,114,23824.29
60,88,-10346.7,FALSE,115,22437.92
60,89,-10960.429,FALSE,116,24554.53
60,90,-7888.656,FALSE,117,18674.47
60,91,-9353.675,FALSE,118,20500.97
60,92,-11915.384,FALSE,119,23774.05
60,93,-8462.262,FALSE,120,17025.3
60,94,-10017.656,FALSE,121,19361.66
37,72,-3616.89,FALSE,122,18833.83
37,73,-4195.521,FALSE,123,21046.79
37,74,-3849.951,FALSE,124,20306.17
37,75,-4667.599,FALSE,125,22979.91
37,76,-3834.79,FALSE,126,20890.2
37,78,-5007.898,FALSE,127,24944.61
37,95,10,TRUE,128,9960.13
37,33,-2804.445,FALSE,129,22097.67
37,22,-2299.295,FALSE,130,19993.22
37,96,-746.514,FALSE,131,11703.05
37,34,-624.832,FALSE,132,11252.71
37,35,7.252,TRUE,133,4686.25
37,36,7.071,TRUE,134,5299.73
37,97,-119.72,FALSE,135,4896.75
37,98,-230.371,FALSE,136,5643.94
37,99,-563.858,FALSE,137,6324.63
37,100,-1822.406,FALSE,138,21934.08
37,101,-2469.936,FALSE,139,23989.56
37,102,-2469.936,FALSE,140,23989.56
37,87,-1103.487,FALSE,141,14122.95
37,88,-1251.501,FALSE,142,16463.73
37,89,-243.965,FALSE,143,16685.74
37,90,-2405.381,FALSE,144,18383.85
37,91,-710.252,FALSE,145,19612.26
37,92,-813.661,FALSE,146,19551.29
37,103,-1067.606,FALSE,147,9772.97
37,93,-2683.302,FALSE,148,21689.42
37,38,-2263.992,FALSE,149,21097.78
37,39,-623.858,FALSE,150,9494.6
37,40,-1260.009,FALSE,151,23249.07
37,104,-3040.191,FALSE,152,24868.2
37,42,-1890.984,FALSE,153,16133.56
37,43,-1291.262,FALSE,154,16510.88
37,45,-4636.645,FALSE,156,20210.15
105,11,-403.26,FALSE,157,23135.23
105,12,-599.301,FALSE,158,22658.71
105,13,-565.559,FALSE,159,22939.52
105,15,10,TRUE,160,12873.75
105,16,10,TRUE,161,21035.43
105,18,-68.751,FALSE,162,19170.2
105,19,10,TRUE,163,21008.68
105,95,10,TRUE,164,21437.86
105,33,-502.022,FALSE,165,8570.59
105,22,10,TRUE,166,20087.52
105,23,10,TRUE,167,13247.29
105,24,-108.521,FALSE,168,14131.3
105,28,10,TRUE,169,24296.02
105,29,-614.047,FALSE,170,7774.85
105,30,10,TRUE,171,18440.33
105,106,-1409.346,FALSE,172,21851.41
105,31,10,TRUE,173,11103.42
105,107,-1489.723,FALSE,174,17939.58
105,34,10,TRUE,175,19304.45
105,41,-91.504,FALSE,176,22982.64
105,42,10,TRUE,177,15634
105,43,10,TRUE,178,14330.59
105,44,-211.791,FALSE,179,19160.74
105,48,-215.587,FALSE,180,23930.22
108,109,-111.116,FALSE,181,23542.29
108,110,-503.552,FALSE,182,20736.13
108,111,-1100.855,FALSE,183,20183.31
108,112,-686.315,FALSE,184,11062.33
108,113,-56.78,FALSE,185,14024.18
108,114,-1022.653,FALSE,186,24546.73
108,115,-372.153,FALSE,187,18447.4
116,50,-2382.696,FALSE,188,6384.45
116,117,-1163.625,FALSE,189,11351.11
116,118,8.374,TRUE,190,9475.4
116,51,-3747.332,FALSE,191,13374.24
116,52,-3847.559,FALSE,192,14213.94
116,67,-11705.219,FALSE,193,24304.09
116,68,-9536.951,FALSE,194,23186.31
116,119,-8083.125,FALSE,195,15207.19
116,120,-4319.603,FALSE,196,10061.32
116,109,-8911.685,FALSE,197,15750.81
116,121,-2997.096,FALSE,198,7311.64
116,122,-3503.301,FALSE,199,6419.91
58,81,-41.719,FALSE,200,21748.84
58,53,-444.164,FALSE,201,12682.93
58,54,-30.893,FALSE,202,14341.9
58,55,-434.166,FALSE,203,8659.92
58,56,-365.119,FALSE,204,8735.43
58,57,8.313,TRUE,205,15031.07
58,82,-2427.629,FALSE,206,21311.3
58,59,-208.747,FALSE,207,3973.58
58,61,-194.617,FALSE,209,8814.95
58,85,-2154.725,FALSE,210,15791.56
58,62,10,TRUE,211,2372.28
58,63,10,TRUE,212,6761.67
58,86,-1987.559,FALSE,213,20310.14
58,64,-920.303,FALSE,214,11744.88
58,65,-83.494,FALSE,215,8138.23
58,66,-1134.7,FALSE,216,9855.52
58,8,-1127.02,FALSE,218,22335.95
58,9,-892.046,FALSE,219,21853.23
58,67,10,TRUE,220,12132.25
58,68,-518.462,FALSE,221,19378.28
58,69,-110.486,FALSE,222,11896.22
58,70,10,TRUE,223,12173.9
58,71,-438.682,FALSE,224,18293.97
58,72,-998.381,FALSE,225,18672.68
58,73,-1002.667,FALSE,226,16224.89
58,74,-665.23,FALSE,227,16487.48
58,75,-1297.677,FALSE,228,14267.92
58,76,-255.926,FALSE,229,15389.53
58,77,-620.421,FALSE,230,10973.58
58,78,-847.019,FALSE,231,11113.23
58,88,-1752.178,FALSE,232,24528.89
58,90,-1225.373,FALSE,233,20538.79
58,91,-1266.176,FALSE,234,23119.09
58,93,-1548.412,FALSE,235,19692.3
58,94,-816.615,FALSE,236,23082.39
87,79,-7849.894,FALSE,237,24816.8
87,81,-3342.518,FALSE,238,13148.77
87,53,-1789.125,FALSE,239,19154.25
87,54,-1355.552,FALSE,240,20836.86
87,55,-1146.683,FALSE,241,21475.16
87,56,-1260.201,FALSE,242,24065.21
87,57,-862.724,FALSE,243,22698.61
87,59,-2929.981,FALSE,244,24517.85
87,61,-4173.024,FALSE,246,24180.77
87,72,-624.344,FALSE,247,6853.37
87,73,-778.707,FALSE,248,9290.98
87,74,-237.389,FALSE,249,9117.48
87,75,-1228.598,FALSE,250,11268.96
87,76,10,TRUE,251,10451.19
87,77,-490.62,FALSE,252,14615.47
87,78,-752.087,FALSE,253,16672.51
87,95,-781.325,FALSE,254,20836.37
87,96,-381.506,FALSE,255,16247.78
87,34,-1912.589,FALSE,256,23445.27
87,35,-34.129,FALSE,257,18682.71
87,36,10,TRUE,258,18979.69
87,97,-597.623,FALSE,260,13633.08
87,98,-95.11,FALSE,261,9303.86
87,99,-547.766,FALSE,262,8010.83
87,100,-4303.022,FALSE,263,12894.72
87,101,-5474.778,FALSE,264,15289.75
87,102,-5474.778,FALSE,265,15289.75
87,88,-892.289,FALSE,266,2369.39
87,89,-766.622,FALSE,267,3867.25
87,90,-749.489,FALSE,268,5155.78
87,91,-1145.053,FALSE,269,5505.42
87,92,-2373.97,FALSE,270,6469.61
87,103,10,TRUE,271,4644.46
87,93,-3218.411,FALSE,272,7807.83
87,94,-3227.098,FALSE,273,11510.42
87,39,-1456.13,FALSE,274,17341.98
87,123,-7048.908,FALSE,275,24567.89
87,124,-6961.618,FALSE,276,22904.6
87,104,-6445.764,FALSE,277,21624.92
38,35,-1153.26,FALSE,278,22334.05
38,36,-732.842,FALSE,279,18682.34
38,98,-4924.034,FALSE,281,20023.05
38,99,-5569.182,FALSE,282,21492.98
38,100,-3968.773,FALSE,283,22257.53
38,101,-3554.451,FALSE,284,22395.59
38,102,-3554.451,FALSE,285,22395.59
38,39,-1763.209,FALSE,286,11640.44
38,40,-309.055,FALSE,287,2585.3
38,125,-2919.625,FALSE,288,13396.31
38,123,-1965.358,FALSE,289,12862.49
38,124,-1752.638,FALSE,290,13804.13
38,126,-6272.623,FALSE,291,19047.5
38,104,-1154.095,FALSE,292,14671.18
38,127,-11450.585,FALSE,294,23513.85
38,45,-4461.444,FALSE,295,15501.26
38,46,-6766.417,FALSE,296,13178.49
128,129,-436.107,FALSE,297,16206.88
128,130,-143.938,FALSE,298,21313.04
128,131,-679.375,FALSE,299,23072.75
128,132,-205.876,FALSE,300,19984.57
128,133,-231.31,FALSE,301,19422.28
128,134,-653.994,FALSE,302,11664.62
128,135,-605.826,FALSE,303,8012.59
128,136,10,TRUE,304,24688.37
81,139,-36.143,FALSE,306,21153.4
81,140,10,TRUE,307,18303.79
81,79,10,TRUE,308,12277.98
81,80,10,TRUE,309,14249.87
81,141,-982.954,FALSE,310,22938.19
81,142,-1038.878,FALSE,311,23809.69
81,53,-35.857,FALSE,312,22697.87
81,55,10,TRUE,313,22580.99
81,84,-1046.293,FALSE,314,23874.22
81,59,-765.745,FALSE,316,18882.12
81,61,4.36,TRUE,318,16072.06
81,85,-441.985,FALSE,319,20855.07
81,62,-332.856,FALSE,320,23123.38
81,63,10,TRUE,321,21567.19
81,86,-1229.79,FALSE,322,13968.64
81,64,-9.384,FALSE,323,18462.51
81,72,-52.649,FALSE,324,11526.94
81,73,10,TRUE,325,11447.14
81,74,10,TRUE,326,12422.14
81,75,-113.65,FALSE,327,11555.02
81,76,10,TRUE,328,13636.47
81,77,9.122,TRUE,329,14400.42
81,78,10,TRUE,330,18816.86
81,98,-115.955,FALSE,331,22125.59
81,99,-460.81,FALSE,332,21012.9
81,100,10,TRUE,333,14257.94
81,101,-129.765,FALSE,334,15512.7
81,102,-129.765,FALSE,335,15512.7
81,88,-561.422,FALSE,337,10788.18
81,89,10,TRUE,338,11004.4
81,90,10,TRUE,339,10172.55
81,91,10,TRUE,340,7643.35
81,92,10,TRUE,341,8621.48
81,103,-12.639,FALSE,342,17721.15
81,93,9.765,TRUE,343,6689.52
81,94,10,TRUE,344,2119.25
90,79,-992.578,FALSE,345,22435.65
90,80,-1804.776,FALSE,346,24364.76
90,53,-201.461,FALSE,348,15726.47
90,54,-409.809,FALSE,349,17783.03
90,55,-13.506,FALSE,350,17341.61
90,56,-66.182,FALSE,351,19973.04
90,57,10,TRUE,352,19724.86
90,59,-654.672,FALSE,354,19384.17
90,61,5.273,TRUE,356,19069.23
90,62,-547.475,FALSE,357,20889.96
90,63,-20.87,FALSE,358,23440.73
90,86,-1265.341,FALSE,359,22324.25
90,64,-527,FALSE,360,22888.46
90,72,10,TRUE,361,2385.76
90,73,10,TRUE,362,4440.67
90,74,10,TRUE,363,4620.46
90,75,-129.309,FALSE,364,6282.92
90,76,10,TRUE,365,6149.41
90,77,-59.025,FALSE,366,9813.13
90,78,-42.793,FALSE,367,12620.06
90,95,-1133.577,FALSE,368,23517.94
90,96,-156.263,FALSE,369,17517.06
90,35,-659.757,FALSE,370,22697.12
90,36,10,TRUE,371,23497.93
90,97,-840.17,FALSE,373,16814.8
90,98,-35.732,FALSE,374,14144.16
90,99,-249.209,FALSE,375,12710.4
90,100,-1039.805,FALSE,376,15529.7
90,101,-2017.428,FALSE,377,17767.37
90,102,-2017.428,FALSE,378,17767.37
90,88,-183.705,FALSE,380,4036.99
90,89,7.439,TRUE,381,6652.47
90,91,-96.357,FALSE,382,4087.83
90,92,-861.522,FALSE,383,7487.36
90,103,-228.966,FALSE,384,8629.06
90,93,10,TRUE,385,3591.04
90,94,-31.522,FALSE,386,9202.62
90,39,-1147.831,FALSE,387,22471.31
143,144,-291.872,FALSE,388,24227.92
143,145,-855.402,FALSE,389,14381.55
143,41,10,TRUE,390,12419.25
143,44,-288.194,FALSE,391,16968.02
143,47,-301.867,FALSE,392,15921.66
143,48,-200.976,FALSE,393,16051.86
82,146,-2142.948,FALSE,394,24975.66
82,83,-1789.789,FALSE,395,10442.68
82,147,-1097.404,FALSE,396,20530.15
82,148,-1293.157,FALSE,397,19225.77
82,149,-1488.221,FALSE,398,20192.42
82,150,-2074.374,FALSE,399,20050.34
82,151,-1480.02,FALSE,400,20447.61
82,84,-1969.347,FALSE,401,15791.61
82,152,-1451.641,FALSE,402,21868.35
82,59,-1150.475,FALSE,404,19533.9
82,61,-220.49,FALSE,406,18288.9
82,85,-1172.753,FALSE,407,11887.49
82,62,-994.978,FALSE,408,23141.13
82,63,10,TRUE,409,15085.58
82,86,-1661.908,FALSE,410,20831.48
82,64,-796.169,FALSE,411,14547.21
82,66,0.992,TRUE,412,15567.98
30,10,10,TRUE,413,19276.68
30,11,10,TRUE,414,10267.94
30,12,-583.55,FALSE,416,14281.16
30,13,-633.015,FALSE,417,14757.2
30,14,10,TRUE,418,14706.44
30,15,0.948,TRUE,419,12398.96
30,16,-50.977,FALSE,420,21416.55
30,18,-762.414,FALSE,421,18286.59
30,19,-688.826,FALSE,422,19571.86
30,23,-172.215,FALSE,423,20944.6
30,24,-626.162,FALSE,424,19969.08
30,153,-1194.649,FALSE,425,13759.45
30,25,-1734.504,FALSE,426,15568.88
30,26,-732.297,FALSE,427,13344.79
30,27,-1156.995,FALSE,428,17063
30,28,10,TRUE,429,5994.85
30,154,-488.35,FALSE,430,11614.08
30,29,10,TRUE,431,12443.57
30,106,-467.68,FALSE,433,11972.86
30,31,10,TRUE,434,7788.15
30,107,-1020.287,FALSE,435,11535.21
48,33,-2940.91,FALSE,436,21219.19
48,41,10,TRUE,439,3723.15
48,42,-1956.353,FALSE,440,19550.07
48,43,-1930.787,FALSE,441,21319.3
48,44,-272.81,FALSE,442,4869.43
48,45,-2676.366,FALSE,444,19650.15
48,47,10,TRUE,445,5661.34
66,50,-100.732,FALSE,446,23684.75
66,51,-2074.006,FALSE,447,18520.59
66,52,-3171.997,FALSE,448,18676.18
66,53,-5874.371,FALSE,449,21276.64
66,54,-4828.761,FALSE,450,22260.99
66,55,-4858.456,FALSE,451,17083.64
66,56,-3690.752,FALSE,452,15873.79
66,57,-4270.599,FALSE,453,22284.68
66,83,-2309.218,FALSE,455,24054.33
66,148,-9773.691,FALSE,456,17462.27
66,59,-2806.127,FALSE,458,11319.39
66,61,-1841.324,FALSE,460,14417.78
66,85,-1252.615,FALSE,461,16469.11
66,62,-2937.026,FALSE,462,10368.71
66,63,-129.057,FALSE,463,8933
66,86,-3542.269,FALSE,464,24441.63
66,64,-1274.079,FALSE,465,14408.2
66,65,-3085.581,FALSE,466,10609.34
66,67,-2671.712,FALSE,468,11255.11
66,68,-5186.743,FALSE,469,20518.38
66,69,-3609.996,FALSE,470,14505.5
66,70,-3695.725,FALSE,471,16013.75
66,71,-4704.145,FALSE,472,22461.23
66,75,-5918.864,FALSE,473,24038.54
66,77,-5140.558,FALSE,474,20823.29
66,78,-5913.163,FALSE,475,20613.39
98,53,-2650.093,FALSE,477,24307.47
98,72,-1040.495,FALSE,478,15145.69
98,73,-1173.948,FALSE,479,17556.27
98,74,-1076.415,FALSE,480,17017.94
98,75,-1398.299,FALSE,481,19576.97
98,76,-930.791,FALSE,482,17936.72
98,77,-1421.721,FALSE,483,22387.25
98,78,-2207.043,FALSE,484,23061.39
98,95,10,TRUE,485,14883.1
98,22,-3279.26,FALSE,486,23562.91
98,96,-1116.022,FALSE,487,14019.24
98,34,-556.609,FALSE,488,16656.42
98,35,10,TRUE,489,10295.84
98,36,-635.704,FALSE,490,9822.5
98,97,-372.72,FALSE,492,8030.34
98,99,10,TRUE,493,1573.96
98,100,-4404.138,FALSE,494,16385.92
98,101,-5231.268,FALSE,495,18512.25
98,102,-5231.268,FALSE,496,18512.25
98,88,-668.197,FALSE,498,11503.99
98,89,-770.742,FALSE,499,11290.38
98,91,-169.982,FALSE,501,14601.42
98,92,-1934.17,FALSE,502,14097.5
98,103,-144.197,FALSE,503,5877.73
98,93,-605.82,FALSE,504,17105.68
98,94,-1358.539,FALSE,505,20281.11
98,39,-2587.828,FALSE,507,9009.83
98,40,-5367.942,FALSE,508,21740.64
98,123,-4207.962,FALSE,509,22460.7
98,124,-3880.951,FALSE,510,21334.24
98,104,-2775.666,FALSE,511,20524.13
98,42,10,TRUE,512,21777.44
98,43,10,TRUE,513,22109.93
98,45,-7110.834,FALSE,514,23197.69
61,140,10,TRUE,515,24624.56
61,79,-36.722,FALSE,516,20873.09
61,80,-380.037,FALSE,517,19878.67
61,53,-608.705,FALSE,519,18523.82
61,54,-282.479,FALSE,520,20789.84
61,55,-1374.799,FALSE,521,15465.22
61,56,-989.984,FALSE,522,16589.32
61,57,9.801,TRUE,523,22022.33
61,83,-1215.56,FALSE,525,20207.83
61,149,-338.91,FALSE,526,21844.41
61,84,-778.065,FALSE,527,17352.45
61,59,-798.035,FALSE,529,4841.43
61,85,-695.987,FALSE,531,8640.94
61,62,-913.957,FALSE,532,11107.23
61,63,10,TRUE,533,5571.28
61,86,10,TRUE,534,11502.06
61,64,10,TRUE,535,4297.9
61,65,-1635.283,FALSE,536,16916.92
61,67,-514.636,FALSE,539,20681.46
61,69,-1191.457,FALSE,540,20698.57
61,70,-84.576,FALSE,541,20844.72
61,72,-460.183,FALSE,542,18064.06
61,73,-284.802,FALSE,543,15781.64
61,74,10,TRUE,544,16543.92
61,75,-301.292,FALSE,545,13863.07
61,76,10,TRUE,546,16182.17
61,77,10,TRUE,547,12344.77
61,78,-392.995,FALSE,548,15359.61
61,88,-416.808,FALSE,550,22498.05
61,89,10,TRUE,551,24303.62
61,91,10,TRUE,553,20149.66
61,92,-229.279,FALSE,554,23091.55
61,93,-159.759,FALSE,555,16778.4
61,94,-38.536,FALSE,556,17898.14
83,140,-1433.98,FALSE,557,24257.39
83,80,-1391.723,FALSE,558,22259.95
83,146,-3843.638,FALSE,559,14688.63
83,149,-1184.722,FALSE,561,10530.01
83,84,-441.757,FALSE,562,7561.86
83,59,-7607.213,FALSE,563,23536.89
83,85,-3407.335,FALSE,566,11569.67
83,63,-4190.819,FALSE,567,19848.98
83,86,-3762.87,FALSE,568,16464.36
83,64,-4438.058,FALSE,569,15930.68
91,139,-42.772,FALSE,572,23124.03
91,79,-486.872,FALSE,573,19468.69
91,80,-1167.453,FALSE,574,21765.4
91,53,-40.198,FALSE,576,19671.23
91,54,-102.294,FALSE,577,21798.79
91,55,10,TRUE,578,20965.72
91,56,-20.798,FALSE,579,23592.72
91,57,10,TRUE,580,23746.11
91,59,-597.355,FALSE,582,21370.26
91,62,-534.336,FALSE,585,23788.78
91,86,-1422.724,FALSE,586,21167.86
91,64,-97.44,FALSE,587,23534.28
91,72,-124.661,FALSE,588,6393.22
91,73,10,TRUE,589,7936.45
91,74,10,TRUE,590,8418.78
91,75,10,TRUE,591,9363.23
91,76,10,TRUE,592,9964.98
91,77,-18.022,FALSE,593,12998.33
91,78,10,TRUE,594,16364.7
91,96,10,TRUE,595,20793.78
91,35,10,TRUE,596,24186.94
91,36,10,TRUE,597,24382.17
91,97,-268.828,FALSE,599,19003.45
91,99,-236.656,FALSE,601,13419.87
91,100,10,TRUE,602,11817.72
91,101,10,TRUE,603,13947.48
91,102,10,TRUE,604,13947.48
91,88,10,TRUE,606,3148.6
91,89,10,TRUE,607,4160.4
91,92,10,TRUE,609,3655.47
91,103,10,TRUE,610,10097.08
91,93,-11.413,FALSE,611,3478.91
91,94,10,TRUE,612,6067.37
91,39,-1461.941,FALSE,613,21928.08
91,124,-1579.348,FALSE,614,23704.24
91,104,-973.231,FALSE,615,22258.86
65,50,-3544.818,FALSE,616,23547.06
65,51,-911.698,FALSE,617,21410.7
65,52,-644.233,FALSE,618,22194.7
65,53,-866.737,FALSE,619,12457.75
65,54,-1004.588,FALSE,620,12662.55
65,55,-606.574,FALSE,621,8788.62
65,56,-240.94,FALSE,622,6562.13
65,57,-372.223,FALSE,623,12225.63
65,59,-1247.075,FALSE,625,12090.34
65,85,-4356.861,FALSE,628,23075.57
65,62,-499.734,FALSE,629,6055.24
65,63,-1144.408,FALSE,630,13690.54
65,64,-2869.796,FALSE,631,19417.26
65,8,-1968.755,FALSE,634,15967.68
65,9,-2671.215,FALSE,635,15946.03
65,67,-1.168,FALSE,636,4425.34
65,68,-1064.057,FALSE,637,11481.11
65,69,-175.352,FALSE,638,4247.46
65,70,-262.427,FALSE,639,5439.87
65,71,-1113.417,FALSE,640,11970.03
65,72,-1052.996,FALSE,641,23330.16
65,73,-561.922,FALSE,642,21124.45
65,74,-690.733,FALSE,643,21007.44
65,75,-872.471,FALSE,644,19486.17
65,76,-736.312,FALSE,645,19579.88
65,77,-453.228,FALSE,646,15848.31
65,78,-741.454,FALSE,647,13461.39
65,17,-4438.987,FALSE,648,24351.55
65,20,-2721.131,FALSE,649,23774.97
65,21,-3757.235,FALSE,650,21220.96
155,156,-5439.518,FALSE,651,11008.86
155,157,10,TRUE,652,1828.09
155,158,-9425.707,FALSE,653,18538.96
155,159,-4278.026,FALSE,654,12837.73
155,160,-448.214,FALSE,655,2801.52
155,161,-4922.73,FALSE,656,9831.9
155,162,-4158.381,FALSE,657,9886.41
163,2,-349.363,FALSE,658,9021.45
163,164,-1477.391,FALSE,659,10018.81
163,3,-1107.71,FALSE,660,12345.77
163,165,-3608.182,FALSE,661,16959.95
163,166,-1671.718,FALSE,662,8851.69
163,4,-3998.135,FALSE,663,23866.96
163,167,-804.65,FALSE,664,7424.8
163,168,6.41,TRUE,665,1105.44
163,169,-26.029,FALSE,666,1789.32
163,170,-219.496,FALSE,667,2490.28
163,171,10,TRUE,668,3603.52
163,172,10,TRUE,669,3125.7
163,173,10,TRUE,670,3787.59
163,174,-455.388,FALSE,671,4599.68
163,175,-3523.887,FALSE,672,20814.69
163,5,-3767.837,FALSE,673,20590.79
163,129,-515.218,FALSE,674,13031.28
163,130,-1166.125,FALSE,675,10402.97
163,131,-1465.697,FALSE,676,9265.18
163,6,-2877.159,FALSE,677,21988.29
131,2,-2377.818,FALSE,678,13762.22
131,164,-2571.315,FALSE,679,16113.75
131,3,-2517.56,FALSE,680,17762.17
131,166,-2069.549,FALSE,681,17876.19
131,167,-3031.676,FALSE,682,16288.88
131,168,-1719.233,FALSE,683,10207.04
131,169,-1886.595,FALSE,685,8955.42
131,170,-2024.107,FALSE,686,9813.61
131,171,-992.372,FALSE,687,7344.32
131,172,-1721.361,FALSE,688,8981.88
131,173,-1526.619,FALSE,689,8889.29
131,174,-2468.007,FALSE,690,13426.05
131,175,-5272.412,FALSE,691,12343.28
131,5,-6016.514,FALSE,692,13512.72
131,129,-1148.305,FALSE,693,7787.87
131,130,-27.235,FALSE,694,1763.56
131,6,-5067.829,FALSE,695,20763.84
126,176,9.321,TRUE,697,24254.31
126,177,-425.27,FALSE,698,21571.02
126,139,-2983.638,FALSE,699,21485.91
126,100,-6003.391,FALSE,700,24540.58
126,101,-5665.401,FALSE,701,22826.64
126,102,-5665.401,FALSE,702,22826.64
126,178,7.201,TRUE,703,10264.52
126,179,10,TRUE,704,16277.77
126,40,-516.096,FALSE,706,16519.81
126,125,-83.438,FALSE,707,7194.68
126,123,-2274.456,FALSE,708,11166.01
126,124,-2896.439,FALSE,709,12732.76
126,104,-3018.381,FALSE,710,14038.5
147,148,10,TRUE,712,17700.32
147,150,-186.947,FALSE,713,5356.55
147,151,10,TRUE,714,2883.79
147,152,-104.401,FALSE,715,2602.61
8,53,-1446.97,FALSE,716,14640.64
8,54,-868.264,FALSE,717,12236.85
8,55,-2317.654,FALSE,718,15628.28
8,56,-2228.78,FALSE,719,14029.39
8,57,2.641,TRUE,720,10303.6
8,62,-3459.945,FALSE,722,19984.3
8,9,10,TRUE,725,1641.77
8,67,-1447.883,FALSE,726,15690.35
8,68,-161.615,FALSE,727,8056.7
8,69,-2076.659,FALSE,728,11862.43
8,70,-1367.046,FALSE,729,10586.79
8,71,-180.27,FALSE,730,4069.9
8,76,-1604.52,FALSE,731,24166.99
8,77,-2888.611,FALSE,732,23063.32
8,78,-2016.749,FALSE,733,18540.04
8,12,-1809.563,FALSE,735,21999.87
8,13,-1816.188,FALSE,736,21554.84
8,16,-1485.537,FALSE,737,15256.18
8,17,-1432.038,FALSE,738,9087.04
8,18,-2404.012,FALSE,739,18143.47
8,19,-2143.53,FALSE,740,16485.92
8,20,10,TRUE,741,7867.19
8,21,-1391.044,FALSE,742,6818.66
8,22,-1931.28,FALSE,743,18094.38
8,23,-4232.51,FALSE,744,22292.33
8,24,-4702.557,FALSE,745,21331.03
8,96,-210.662,FALSE,746,22088.79
154,11,-1762.253,FALSE,747,20879.33
154,14,-1308.689,FALSE,748,22938.98
154,15,-1717.18,FALSE,749,23459.82
154,153,10,TRUE,750,2584.81
154,180,-431.04,FALSE,751,24816.8
154,25,-355.93,FALSE,752,15564.93
154,26,-204.913,FALSE,753,15826.45
154,27,-306.897,FALSE,754,18973.81
154,28,-27.64,FALSE,755,12408.4
154,29,-1976.255,FALSE,756,17370.33
154,106,-76.963,FALSE,758,4503.77
154,145,-943.898,FALSE,759,24638.03
154,31,-1388.84,FALSE,760,17389.47
154,107,-286.726,FALSE,761,8298.21
181,127,10,TRUE,762,16569.36
181,182,-2.658,FALSE,763,10615.31
172,2,-368.554,FALSE,764,6251.26
172,164,-672.836,FALSE,765,7807.61
172,3,10,TRUE,766,9935.76
172,165,-2192.721,FALSE,767,18219.47
172,166,-770.604,FALSE,768,9192.21
172,4,-864.134,FALSE,769,21629.02
172,167,-1933.517,FALSE,770,9741.9
172,168,10,TRUE,771,4018.52
172,169,10,TRUE,773,1336.56
172,170,10,TRUE,774,1168.62
172,171,-22.023,FALSE,775,1654.22
172,173,10,TRUE,776,680.17
172,174,-995.308,FALSE,777,7176.48
172,175,-6245.711,FALSE,778,19291.78
172,5,-6598.781,FALSE,779,18474.8
172,129,-1838.743,FALSE,780,14458.05
172,130,-1403.174,FALSE,781,10487.09
172,6,-4846.294,FALSE,783,18875.78
139,140,-1009.415,FALSE,784,20557.89
139,79,-940.122,FALSE,785,18335.97
139,80,-1751.641,FALSE,786,21519.88
139,183,-435.214,FALSE,788,16145.11
139,141,-971.651,FALSE,789,13012.27
139,142,-889.579,FALSE,790,13362.18
139,100,-1493.099,FALSE,791,13531.56
139,101,-1453.26,FALSE,792,11276.7
139,102,-1453.26,FALSE,793,11276.7
139,178,-1313.437,FALSE,794,24295.86
139,88,-4273.141,FALSE,795,24430.29
139,89,-2843.03,FALSE,796,22039.25
139,92,-3449.781,FALSE,798,19934.47
139,94,-3584.288,FALSE,799,20136.84
139,125,-437.466,FALSE,800,19224.46
139,123,-1419.718,FALSE,801,17136.22
139,124,-1604.028,FALSE,802,15783.13
139,104,-907.572,FALSE,804,14828.76
12,9,-6356.358,FALSE,806,22227.72
12,10,-3289.033,FALSE,807,15600.33
12,11,-1753.089,FALSE,808,5383.38
12,13,10,TRUE,810,476.04
12,14,-2683.98,FALSE,811,10236.49
12,15,-4033.297,FALSE,812,9829.94
12,16,-1665.001,FALSE,813,10077.75
12,17,-3584.095,FALSE,814,14900.1
12,18,-2209.1,FALSE,815,7762.58
12,19,-1805.708,FALSE,816,7780.24
12,20,-3178.379,FALSE,817,14348.07
12,21,-4667.112,FALSE,818,18269.84
12,22,-5059.619,FALSE,819,20660.28
12,23,-3922.784,FALSE,820,15571.52
12,24,-3692.274,FALSE,821,13804.13
12,25,-7676.128,FALSE,822,21860.84
12,26,-5567.115,FALSE,823,18458.92
12,27,-6373.217,FALSE,824,20617.02
12,28,-3959.109,FALSE,825,14405.35
12,29,-11658.846,FALSE,826,21298.17
12,31,-7827.008,FALSE,829,13948.86
127,40,-227.321,FALSE,831,22997.43
127,45,-551.384,FALSE,833,24651.98
127,46,10,TRUE,834,15352.34
127,182,10,TRUE,835,6952.97
121,50,-2692.164,FALSE,837,12202.14
121,117,-1040.523,FALSE,838,15716.49
121,118,-2682.53,FALSE,839,16787.01
121,51,-3944.745,FALSE,840,19477.61
121,52,-3911.971,FALSE,841,20535.87
121,68,-2269.965,FALSE,842,21993.89
121,119,-59.819,FALSE,843,8291.41
121,120,-12.79,FALSE,844,2801.52
121,109,-3415.304,FALSE,845,12601.76
121,122,-26.301,FALSE,846,1685.21
121,111,-2212.622,FALSE,847,22495.31
121,113,-2848.656,FALSE,848,21757.17
17,53,-4576.263,FALSE,849,18994.15
17,54,-3607.649,FALSE,850,16504.35
17,55,-4504.527,FALSE,851,21592.71
17,56,-3799.034,FALSE,852,20847.26
17,57,-2284.303,FALSE,853,15058.26
17,9,-1800.835,FALSE,857,8534.6
17,67,-4798.577,FALSE,858,24645.3
17,68,-4003.752,FALSE,859,17003.14
17,69,-4190.392,FALSE,860,20507.79
17,70,-3020.245,FALSE,861,18923.52
17,71,-2015.93,FALSE,862,12557.4
17,78,-5439.584,FALSE,863,22849.44
17,11,-2571.008,FALSE,864,20270.68
17,13,-1887.024,FALSE,867,14531.06
17,14,-2545.014,FALSE,868,24139.5
17,15,-4413.314,FALSE,869,16812.08
17,16,-1262.088,FALSE,870,6329.7
17,18,-2642.62,FALSE,871,9389.18
17,19,-1743.323,FALSE,872,7970.86
17,20,7.195,TRUE,873,3137.17
17,21,-972.319,FALSE,874,3403.24
17,95,-1063.711,FALSE,875,22323.83
17,22,-1202.555,FALSE,876,11270.37
17,23,-3035.839,FALSE,877,13468.12
17,24,-3359.501,FALSE,878,12349.34
17,96,-304.005,FALSE,879,18782.48
17,31,-6634.273,FALSE,880,23551.95
17,34,-3372.887,FALSE,881,24058.86
120,50,-2040.534,FALSE,883,14952.78
120,117,-2884.752,FALSE,884,17486.72
120,118,-927.767,FALSE,885,19526.02
120,51,-2125.879,FALSE,886,22206.84
120,52,-2464.395,FALSE,887,23287.17
120,68,-3627.646,FALSE,888,22783.61
120,119,-53.196,FALSE,889,5596.39
120,109,-2520.915,FALSE,890,11735.7
120,122,-256.606,FALSE,892,3826.79
120,110,-2935.476,FALSE,893,22714.07
120,111,-2377.937,FALSE,894,19763.69
120,113,-728.234,FALSE,895,19522.73
120,115,-1947.734,FALSE,896,22778.36
16,53,-3050.665,FALSE,897,24609.19
16,54,-2660.409,FALSE,898,22212.61
16,57,-1845.764,FALSE,899,20958.15
16,9,-3443.75,FALSE,901,14839.05
16,68,-3964.86,FALSE,902,22939.27
16,71,-3678.344,FALSE,903,18868.4
16,11,-778.126,FALSE,904,15157.97
16,13,-715.621,FALSE,907,9832.72
16,14,-650.051,FALSE,908,20169.01
16,15,10,TRUE,909,10504.52
16,18,10,TRUE,911,3131.3
16,19,-74.354,FALSE,912,2297.56
16,20,-630.415,FALSE,913,7781.28
16,21,-1971.579,FALSE,914,9558.96
16,95,1.524,TRUE,915,21935.31
16,33,-502.89,FALSE,916,21416.07
16,22,10,TRUE,917,11059.9
16,23,10,TRUE,918,9013.67
16,24,-18.797,FALSE,919,7413.16
16,96,10,TRUE,920,20635.18
16,28,10,TRUE,921,23463.48
16,29,-14.248,FALSE,922,23222.21
16,31,-367.407,FALSE,925,17229.09
16,34,-413.293,FALSE,926,22869.08
16,43,10,TRUE,927,23412.25
15,10,-193.012,FALSE,928,23881.77
15,11,-420.579,FALSE,929,11407.32
15,13,-591.818,FALSE,932,10087.08
15,14,10,TRUE,933,18189.41
15,18,-30.456,FALSE,936,7666.14
15,19,10,TRUE,937,9465.01
15,20,10,TRUE,938,18094.29
15,21,-1024.998,FALSE,939,19914.53
15,95,10,TRUE,940,24097.52
15,33,-453.143,FALSE,941,17109.07
15,22,10,TRUE,942,16348.1
15,23,10,TRUE,943,8684.77
15,24,10,TRUE,944,7577.5
15,26,10,TRUE,945,22971.27
15,28,10,TRUE,946,16358.27
15,29,10,TRUE,948,12973.27
15,106,-396.076,FALSE,951,22384.34
15,31,10,TRUE,952,6760.22
15,107,-226.82,FALSE,953,20002.11
15,34,-187.478,FALSE,954,23592.36
15,42,10,TRUE,955,23553.27
15,43,10,TRUE,956,21406.74
77,53,-217.105,FALSE,958,8542.96
77,54,10,TRUE,959,11074.69
77,55,-255.873,FALSE,960,8286.41
77,56,-91.043,FALSE,961,10837.38
77,57,6.826,TRUE,962,12883.61
77,59,-760.721,FALSE,964,10735.34
77,85,-1556.905,FALSE,967,20918.94
77,62,-940.485,FALSE,968,11100.15
77,63,-182.038,FALSE,969,15168.46
77,86,-1437.73,FALSE,970,20365.18
77,64,-610.898,FALSE,971,16637.73
77,9,-1327.518,FALSE,976,21890.45
77,67,10,TRUE,977,20234.19
77,68,-907.504,FALSE,978,23943.94
77,69,-436.21,FALSE,979,17481.75
77,70,-41.692,FALSE,980,16398.13
77,71,-482.711,FALSE,981,19819.92
77,72,-769.061,FALSE,982,7764.4
77,73,-669.116,FALSE,983,5382.11
77,74,-220.56,FALSE,984,5524.42
77,75,-613.23,FALSE,985,3637.88
77,76,10,TRUE,986,4451.54
77,78,10,TRUE,987,4570.96
77,21,-1538.574,FALSE,988,24026.59
77,96,-465.028,FALSE,989,19522.99
77,97,-1546.491,FALSE,990,22071.53
77,99,-1714.274,FALSE,992,20821.98
77,100,-1749.344,FALSE,993,24800
77,88,-1380.724,FALSE,995,13850.11
77,89,-974.394,FALSE,996,16414.84
77,92,-1195.681,FALSE,999,16649.44
77,103,-981.826,FALSE,1000,16512.64
77,93,-473.843,FALSE,1001,9896.44
77,94,10,TRUE,1002,14923.35
74,79,-251.925,FALSE,1003,24444.79
74,53,-1321.736,FALSE,1005,11263.46
74,54,-942.095,FALSE,1006,13456.27
74,55,-1552.81,FALSE,1007,12721.84
74,56,-1737.958,FALSE,1008,15352.93
74,57,-377.08,FALSE,1009,15407
74,59,-735.703,FALSE,1011,15903.5
74,85,-1392.506,FALSE,1014,24700.7
74,62,-1237.812,FALSE,1015,16588.75
74,63,10,TRUE,1016,20211.42
74,86,-1317.764,FALSE,1017,22146.7
74,64,-552.354,FALSE,1018,20681.15
74,9,-1231.643,FALSE,1021,24262.34
74,69,-2647.945,FALSE,1022,22107.65
74,70,-2322.223,FALSE,1023,20751.44
74,71,-1715.913,FALSE,1024,22980.17
74,72,1.877,TRUE,1025,2322.73
74,73,10,TRUE,1026,1064.45
74,75,-112.191,FALSE,1027,2680.95
74,76,5.242,TRUE,1028,1548.49
74,78,-1013.928,FALSE,1030,8006.87
74,95,-5107.424,FALSE,1031,23529.04
74,22,-4519,FALSE,1032,24707.85
74,96,-3092.342,FALSE,1033,16536.47
74,35,-4127.97,FALSE,1034,24163.14
74,97,-3458.306,FALSE,1036,17671.79
74,99,-2203.411,FALSE,1038,15468.37
74,100,-1217.084,FALSE,1039,20112.81
74,101,-2200.707,FALSE,1040,22316.41
74,102,-2200.707,FALSE,1041,22316.41
74,88,-171.208,FALSE,1043,8574.53
74,89,8.074,TRUE,1044,11253.02
74,92,-923.094,FALSE,1047,12000.25
74,103,-1301.2,FALSE,1048,11146.89
74,93,-161.944,FALSE,1049,6183.53
74,94,10,TRUE,1050,12159.42
146,140,-2310.451,FALSE,1051,15137.98
146,79,-2408.454,FALSE,1052,19581.97
146,80,-2329.371,FALSE,1053,16331.06
146,183,-5724.664,FALSE,1054,22790.52
146,141,-6043.884,FALSE,1055,24278.59
146,142,-6257.765,FALSE,1056,24518.15
146,149,-593.578,FALSE,1059,5755.42
146,84,-2094.278,FALSE,1060,10800.23
146,85,-3807.395,FALSE,1061,20488.77
146,86,-2895.906,FALSE,1062,17493.22
146,64,-4301.814,FALSE,1063,24154.38
119,50,-1492.477,FALSE,1065,20493.04
119,117,-1804.908,FALSE,1066,20372.17
119,118,-258.587,FALSE,1067,24508.64
119,109,-1551.829,FALSE,1069,10070.41
119,122,-445.175,FALSE,1071,8792.81
119,110,-3608.577,FALSE,1072,17216.05
119,111,-3427.589,FALSE,1073,14205.66
119,112,-5634.132,FALSE,1074,21522.44
119,113,-1954.507,FALSE,1075,14397.6
119,115,-3691.401,FALSE,1076,17195.67
5,2,-3052.13,FALSE,1077,18927.36
5,164,-3438.746,FALSE,1078,21666.48
5,3,-2693.014,FALSE,1079,21851.45
5,168,-2024.638,FALSE,1080,21695.34
5,169,-2109.4,FALSE,1082,19333.93
5,170,-2118.076,FALSE,1083,19641.53
5,171,-1311.606,FALSE,1084,17172.88
5,173,-1731.992,FALSE,1086,17930.33
5,175,-118.087,FALSE,1087,4659.16
5,129,-2019.951,FALSE,1088,19618.53
5,130,-854.189,FALSE,1089,14085.97
5,6,-2283.848,FALSE,1092,14352.54
117,50,-416.015,FALSE,1094,15643.68
117,118,7.806,TRUE,1095,11578.46
117,51,-403.437,FALSE,1096,20077.02
117,52,-868.278,FALSE,1097,20216.46
117,158,-2716.002,FALSE,1098,20302.56
117,109,-5266.577,FALSE,1101,14313.61
117,122,-2483.227,FALSE,1103,14063.24
56,53,-1169.769,FALSE,1104,5896.4
56,54,-868.151,FALSE,1105,6399.37
56,55,-446.768,FALSE,1106,2632.5
56,57,2.902,TRUE,1107,6532.16
56,59,-736.377,FALSE,1109,12105.89
56,85,-1522.805,FALSE,1112,24379.22
56,62,-317.058,FALSE,1113,6581.97
56,63,10,TRUE,1114,15496.41
56,64,-915.731,FALSE,1115,20166.12
56,9,-2214.969,FALSE,1120,13340.79
56,67,10,TRUE,1121,10336.29
56,68,-1849.398,FALSE,1122,13197.98
56,69,-494.811,FALSE,1123,6755.34
56,70,-416.222,FALSE,1124,5563.29
56,71,-1346.143,FALSE,1125,10148.78
56,72,-2431.684,FALSE,1126,17642.17
56,73,-1796.169,FALSE,1127,15671.15
56,75,-1270.125,FALSE,1129,14336.14
56,76,-1503.953,FALSE,1130,13837.91
56,78,-919.934,FALSE,1132,7405.37
56,20,-2292.851,FALSE,1134,21076.67
56,21,-2658.908,FALSE,1135,17477.16
56,22,-3012.694,FALSE,1136,24185.23
56,96,-3538.344,FALSE,1137,21822.28
56,88,-2853.157,FALSE,1139,23890.79
56,103,-2133.749,FALSE,1142,24490.47
56,93,-1195.223,FALSE,1143,20677.18
59,80,-7580.272,FALSE,1144,24566.93
59,53,-1929.16,FALSE,1146,14947.2
59,54,-2033.359,FALSE,1147,16976.08
59,55,-1680.639,FALSE,1148,11381.21
59,57,-1054.475,FALSE,1150,17975.3
59,84,-5651.1,FALSE,1153,21687.37
59,85,-3344.176,FALSE,1157,12312.58
59,62,-1562.703,FALSE,1158,6280.4
59,63,-517.586,FALSE,1159,4472.62
59,86,-4819.729,FALSE,1160,16338.18
59,64,-1595.847,FALSE,1161,8060.26
59,67,-5304.616,FALSE,1165,15954.18
59,68,-5824.799,FALSE,1166,23345.97
59,69,-4353.022,FALSE,1167,15861.5
59,70,-2435.941,FALSE,1168,16060.17
59,71,-1693.878,FALSE,1169,22010.37
59,72,-6984.742,FALSE,1170,17854.22
59,73,-5935.511,FALSE,1171,15398.5
59,75,-5354.963,FALSE,1173,13370.4
59,76,-5319.751,FALSE,1174,15112.54
59,78,-2502.209,FALSE,1176,12433.15
59,88,-8638.439,FALSE,1178,23208.74
59,92,-8851.877,FALSE,1181,24697.38
59,93,-6432.062,FALSE,1182,17891.35
59,94,-7123.419,FALSE,1183,20427.03
176,135,-1494.22,FALSE,1184,22837.74
176,184,-2.654,FALSE,1185,4383.89
176,136,-207.028,FALSE,1186,24786.82
176,177,9.309,TRUE,1187,6031.11
176,178,9.033,TRUE,1188,14072.39
176,179,3.845,TRUE,1189,8065.3
39,72,-3579.448,FALSE,1191,23807.64
39,95,-1045.128,FALSE,1192,18739.81
39,96,-2082.336,FALSE,1193,21113.4
39,34,-2194.778,FALSE,1194,19033.12
39,35,-453.563,FALSE,1195,11494.81
39,36,7.275,TRUE,1196,8244.66
39,97,-1717.884,FALSE,1198,14303.36
39,99,-1531.414,FALSE,1200,10577.38
39,100,-2322.059,FALSE,1201,18803.23
39,101,-2592.049,FALSE,1202,20170.76
39,102,-2592.049,FALSE,1203,20170.76
39,88,-2961.96,FALSE,1205,19148.49
39,89,-2150.599,FALSE,1206,17945.14
39,92,-3341.82,FALSE,1209,20232.25
39,103,-1896.864,FALSE,1210,14795.83
39,93,-3879.537,FALSE,1211,24956.07
39,40,-901.794,FALSE,1213,13754.48
39,125,-3522.527,FALSE,1214,21024.92
39,123,-3082.316,FALSE,1215,18158.92
39,124,-2782.625,FALSE,1216,17766.21
39,104,-2786.46,FALSE,1217,17589.02
39,42,-2132.454,FALSE,1218,21647.79
39,43,-2188.938,FALSE,1219,22872.04
39,45,-2302.775,FALSE,1221,15515.4
39,46,-1849.555,FALSE,1222,19798.77
54,53,-156.085,FALSE,1223,2539.25
54,55,-599.033,FALSE,1224,5690.04
54,57,-20.587,FALSE,1226,1950.74
54,62,-664.225,FALSE,1231,12533.2
54,63,10,TRUE,1232,20951.66
54,64,-475.098,FALSE,1233,24811.46
54,9,-3398.654,FALSE,1238,10932.67
54,67,-2871.998,FALSE,1239,15746.44
54,68,-6161.087,FALSE,1240,15150.6
54,69,-2930.332,FALSE,1241,11287.73
54,70,-2291.237,FALSE,1242,9364.28
54,71,-3567.372,FALSE,1243,9603.41
54,72,-2741.029,FALSE,1244,15416.63
54,73,-1485.676,FALSE,1245,14164.79
54,75,-450.242,FALSE,1247,13607.84
54,76,-1215.558,FALSE,1248,11954.13
54,78,10,TRUE,1250,6505.99
54,19,-4520.193,FALSE,1253,24239.12
54,20,-2905.09,FALSE,1254,17552.54
54,21,-3097.883,FALSE,1255,13135.2
54,95,-3981.464,FALSE,1256,23221.45
54,22,-3926.771,FALSE,1257,17996.53
54,96,-2409.361,FALSE,1258,15611.86
54,97,-5257.337,FALSE,1259,21143.37
54,99,-6854.255,FALSE,1260,23739.01
54,88,-4098.082,FALSE,1262,21261.46
54,89,-3932.211,FALSE,1263,23989.54
54,103,-5712.791,FALSE,1266,20188.58
54,93,-1489.748,FALSE,1267,19555.23
111,109,-3389.427,FALSE,1270,18167.51
111,122,-4952.551,FALSE,1272,22926.54
111,10,-1595.353,FALSE,1273,22734.63
111,110,10,TRUE,1274,3246.48
111,112,-3345.685,FALSE,1276,9894.67
111,113,-1175.3,FALSE,1277,8779.18
111,114,-1322.989,FALSE,1278,12613.46
111,115,4.833,TRUE,1279,3122.96
50,118,7.288,TRUE,1282,7749.4
50,51,-144.584,FALSE,1283,7291.97
50,52,-31.545,FALSE,1284,8335.08
50,148,-1682.079,FALSE,1285,19529.74
50,67,-3454.111,FALSE,1289,19187.5
50,68,-3034.534,FALSE,1290,20139.47
50,69,-5147.343,FALSE,1291,22788.11
50,70,-4279.107,FALSE,1292,24552.91
50,109,-2130.495,FALSE,1295,22131.1
50,122,-2237.421,FALSE,1297,11946.86
110,109,-2057.148,FALSE,1300,21378.72
110,10,-747.026,FALSE,1301,20969.47
110,112,-1430.11,FALSE,1304,9793.6
110,113,7.433,TRUE,1305,11180.74
110,114,10,TRUE,1306,9367.98
110,115,10,TRUE,1307,2328.43
166,2,-633.967,FALSE,1308,9429.44
166,164,-376.243,FALSE,1309,7748.46
166,3,10,TRUE,1310,9742.03
166,185,10,TRUE,1311,18236.36
166,186,-1173.821,FALSE,1312,19845.6
166,187,10,TRUE,1313,23934.57
166,188,-2453.419,FALSE,1314,23385.72
166,165,10,TRUE,1315,9441.49
166,4,-1044.623,FALSE,1316,18638.71
166,167,-472.022,FALSE,1317,6243.53
166,168,-378.77,FALSE,1318,8217.7
166,169,-1154.697,FALSE,1320,8931.32
166,170,-1251.384,FALSE,1321,8162.1
166,171,-717.436,FALSE,1322,10808.06
166,173,-1294.367,FALSE,1324,9557.93
166,174,-911.831,FALSE,1325,6823.8
166,129,-265.137,FALSE,1326,21639.39
166,130,-126.05,FALSE,1327,19169.22
166,6,-1227.059,FALSE,1329,23863.29
29,11,-299.315,FALSE,1330,19940.47
29,13,-780.717,FALSE,1333,21693.23
29,18,-747.245,FALSE,1336,20585.55
29,19,-784.686,FALSE,1337,22415.53
29,33,-2424.688,FALSE,1338,16340.69
29,23,-298.946,FALSE,1339,17694.83
29,24,-424.531,FALSE,1340,17842.08
29,153,-289.298,FALSE,1341,19931.02
29,28,10,TRUE,1342,18425.53
29,106,10,TRUE,1346,14085.21
29,145,-1560.908,FALSE,1347,21441.53
29,31,10,TRUE,1348,7380.9
29,107,-92.814,FALSE,1349,10236.87
29,42,-1590.139,FALSE,1350,23394.59
29,43,-2177.657,FALSE,1351,22097.86
29,44,-425.096,FALSE,1352,24368.33
78,53,-76.452,FALSE,1354,3972.08
78,55,10,TRUE,1356,4802.68
78,57,4.575,TRUE,1358,8317.51
78,85,-1927.02,FALSE,1363,23979.13
78,62,-462.175,FALSE,1364,10256.52
78,63,10,TRUE,1365,16832.54
78,86,-1180.648,FALSE,1366,24550.96
78,64,-998.049,FALSE,1367,19594.09
78,9,-1586.893,FALSE,1372,17337.22
78,67,10,TRUE,1373,17596.55
78,68,-2018.363,FALSE,1374,19981.09
78,69,-410.316,FALSE,1375,14140.29
78,70,-133.328,FALSE,1376,12745.11
78,71,-604.129,FALSE,1377,15424.75
78,72,-460.759,FALSE,1378,10265.73
78,73,-111.739,FALSE,1379,8436.19
78,75,-25.442,FALSE,1381,7422.9
78,76,9.846,TRUE,1382,6470.66
78,20,-1071.984,FALSE,1385,24039.75
78,21,-1737.223,FALSE,1386,19526.02
78,22,-1560.134,FALSE,1387,22527.91
78,96,-1157.871,FALSE,1388,17267.46
78,97,-1410.429,FALSE,1390,21106.13
78,99,-2106.606,FALSE,1392,21495.52
78,88,-110.153,FALSE,1394,16498.78
78,89,9.047,TRUE,1395,19212.89
78,92,-582.446,FALSE,1398,19983.31
78,103,-1344.283,FALSE,1399,17385.42
78,93,-195.524,FALSE,1400,13677.42
78,94,10,TRUE,1401,19159.4
55,53,-1037.759,FALSE,1403,4200.9
55,57,-819.867,FALSE,1406,6601.17
55,85,-1984.852,FALSE,1411,23662.67
55,62,-522.568,FALSE,1412,6968.45
55,63,10,TRUE,1413,15268.14
55,64,-1001.273,FALSE,1414,19334.9
55,9,-4079.085,FALSE,1419,14723.78
55,67,-1127.805,FALSE,1420,12817.73
55,68,-1697.39,FALSE,1421,15662.39
55,69,-1013.928,FALSE,1422,9387.67
55,70,-847.657,FALSE,1423,8137.97
55,71,-2027.828,FALSE,1424,11985.45
55,72,-558.801,FALSE,1425,15014.13
55,73,-65.182,FALSE,1426,13040.66
55,75,-267.667,FALSE,1428,11734.06
55,76,9.559,TRUE,1429,11209.77
55,20,-5313.748,FALSE,1433,22179.94
55,21,-4909.79,FALSE,1434,18189.62
55,22,-6029.671,FALSE,1435,23653.32
55,96,-3849.202,FALSE,1436,20262.89
55,97,-5892.343,FALSE,1437,24957.17
55,88,-296.617,FALSE,1439,21265.79
55,89,9.101,TRUE,1440,23967.02
55,92,-627.035,FALSE,1443,24610.52
55,103,-2191.134,FALSE,1444,22046.84
55,93,-214.431,FALSE,1445,18077.13
55,94,10,TRUE,1446,23200.01
80,140,7.561,TRUE,1448,4869.17
80,79,10,TRUE,1449,3429.9
80,183,-3138.148,FALSE,1452,15583.57
80,141,-3645.753,FALSE,1453,14598.52
80,142,-3910.465,FALSE,1454,15328.26
80,149,-5129.954,FALSE,1456,13979.48
80,84,-3451.883,FALSE,1457,14704.28
80,85,-2653.859,FALSE,1461,18222.24
80,63,-45.967,FALSE,1462,24686.92
80,86,-973.14,FALSE,1463,9039.39
80,64,-676.732,FALSE,1464,19029.62
80,73,-2136.462,FALSE,1465,24790.08
80,75,-2448.251,FALSE,1466,24202.74
80,100,-2317.795,FALSE,1467,23502.15
80,101,-3726.51,FALSE,1468,23331.3
80,102,-3726.51,FALSE,1469,23331.3
80,88,-2242.77,FALSE,1470,24855.85
80,89,-1686.276,FALSE,1471,24497.63
80,92,-1807.794,FALSE,1474,21699.38
80,93,-1095.846,FALSE,1475,20802.52
80,94,-640.773,FALSE,1476,15713.49
92,140,-1291.623,FALSE,1478,24940.54
92,79,-1042.178,FALSE,1479,18986.72
92,53,-3022.382,FALSE,1482,23206.42
92,86,-2636.972,FALSE,1487,22589.72
92,72,-1835.41,FALSE,1488,9866.8
92,73,-1756.368,FALSE,1489,11572.36
92,75,-2424.122,FALSE,1491,13016.34
92,76,-1446.895,FALSE,1492,13548.61
92,96,-2207.134,FALSE,1495,22698.93
92,35,-3406.646,FALSE,1496,24231.56
92,36,-2040.986,FALSE,1497,23868.23
92,97,-2911.438,FALSE,1499,19854.33
92,99,-2632.858,FALSE,1501,13228.17
92,100,10,TRUE,1502,8162.99
92,101,-1.886,FALSE,1503,10318.41
92,102,-1.886,FALSE,1504,10318.41
92,88,-1228.612,FALSE,1506,4570.96
92,89,5.395,TRUE,1507,2896.22
92,103,-2047.001,FALSE,1510,10903.97
92,93,-884.964,FALSE,1511,6946.32
92,94,4.961,TRUE,1512,6556.2
92,123,-2531.976,FALSE,1514,22024.35
92,124,-1995.372,FALSE,1515,20149.66
92,104,-1373.894,FALSE,1516,18685.52
22,53,-1093.456,FALSE,1517,19725.4
22,57,-234.394,FALSE,1521,17682.41
22,9,-278.022,FALSE,1523,16771.52
22,70,-650.189,FALSE,1524,24830.07
22,71,10,TRUE,1525,19960.71
22,76,-1147.564,FALSE,1527,23936.03
22,13,-707.309,FALSE,1531,20507.41
22,18,-621.244,FALSE,1535,12899.23
22,19,-488.148,FALSE,1536,13190.85
22,20,10,TRUE,1537,14404.72
22,21,-380.119,FALSE,1538,11515.66
22,95,-411.246,FALSE,1539,11203.09
22,33,-344.269,FALSE,1540,15954.5
22,23,10,TRUE,1541,8128.5
22,24,-330.86,FALSE,1542,8788.53
22,96,9.765,TRUE,1543,10005.36
22,31,-495.074,FALSE,1545,22254.09
22,34,-1758.998,FALSE,1546,12788.51
22,35,-1357.72,FALSE,1547,18600.69
22,36,-1250.025,FALSE,1548,22299.87
22,97,-1174.154,FALSE,1550,15656.38
22,99,-2071.511,FALSE,1552,22901.07
22,103,-1790.55,FALSE,1553,22330.74
22,42,10,TRUE,1554,17429.53
22,43,10,TRUE,1555,15300.03
157,156,-3371.517,FALSE,1556,12836.8
157,158,-5476.819,FALSE,1558,20152.97
157,159,-1306.903,FALSE,1559,14452.97
157,160,-200.102,FALSE,1560,4276.46
157,161,-2853.355,FALSE,1561,11636.77
157,162,-2768.823,FALSE,1562,11681.11
140,79,10,TRUE,1564,6064.06
140,183,-2004.55,FALSE,1568,11298.86
140,141,-2918.314,FALSE,1569,11033.23
140,142,-2916.848,FALSE,1570,11622.36
140,149,-764.486,FALSE,1572,14590.53
140,84,-1263.804,FALSE,1573,16832.72
140,85,-505.94,FALSE,1575,22167.39
140,86,-672.913,FALSE,1576,13451.6
140,64,0.533,TRUE,1577,23477.34
140,101,-3588.407,FALSE,1578,24720.91
140,102,-3588.407,FALSE,1579,24720.91
140,93,-1080.404,FALSE,1581,24978.32
140,94,-720.752,FALSE,1582,19482.94
112,109,-7250.629,FALSE,1584,20998.91
112,113,-1434.057,FALSE,1588,8282.54
112,114,-2212.281,FALSE,1589,14251.1
112,115,-2139.753,FALSE,1590,7590.19
23,57,10,TRUE,1591,24727.2
23,9,-487.243,FALSE,1593,21385.78
23,11,-263.065,FALSE,1594,19045.32
23,13,-687.084,FALSE,1597,15587.08
23,18,-380.176,FALSE,1601,8647.62
23,19,-296.383,FALSE,1602,10018.13
23,20,-200.047,FALSE,1603,16005.47
23,21,-464.076,FALSE,1604,15566
23,95,9.703,TRUE,1605,15636.71
23,33,-385.804,FALSE,1606,12402.4
23,24,-163.152,FALSE,1608,1815.18
23,96,10,TRUE,1609,17514.72
23,31,10,TRUE,1613,14158
23,34,-415.086,FALSE,1614,15570.5
23,35,10,TRUE,1615,22874.64
23,97,-220.45,FALSE,1616,21963.29
23,42,7.514,TRUE,1617,17135.1
23,43,10,TRUE,1618,14816.62
130,2,-1531.778,FALSE,1619,15483.49
130,164,-1446.388,FALSE,1620,17790.07
130,3,-1234.157,FALSE,1621,19484.52
130,167,-729.79,FALSE,1623,17105.93
130,168,-860.919,FALSE,1624,11258.49
130,169,-1241.068,FALSE,1626,10319.77
130,170,-1213.517,FALSE,1627,11235.11
130,171,-622.587,FALSE,1628,8881.4
130,173,-1061.242,FALSE,1630,10455.12
130,174,-440.321,FALSE,1631,14288.49
130,175,-1092.301,FALSE,1632,12326.46
130,129,-703.508,FALSE,1634,6264.93
130,6,-2343.103,FALSE,1636,22292.03
130,135,-3318.308,FALSE,1638,23674.95
175,2,-3708.671,FALSE,1639,21135.36
175,164,-4116.467,FALSE,1640,23913.3
175,3,-3781.972,FALSE,1641,24511.5
175,168,-4356.182,FALSE,1642,21883.03
175,169,-4163.919,FALSE,1644,19882.75
175,170,-4045.012,FALSE,1645,20410.44
175,171,-3066.414,FALSE,1646,17775.04
175,173,-3376.892,FALSE,1648,18863.09
175,129,-3167.119,FALSE,1650,16899.87
175,6,-1067.471,FALSE,1653,18837.48
175,135,-6625.403,FALSE,1654,24285.88
72,79,-5298.322,FALSE,1655,23769.95
72,53,-2368.889,FALSE,1657,13341.94
72,57,-2677.519,FALSE,1661,17361.5
72,62,-1622.675,FALSE,1666,18859.81
72,63,-55.789,FALSE,1667,22066.71
72,86,-2395.656,FALSE,1668,22566.86
72,64,-731.131,FALSE,1669,22073.53
72,69,-2683.795,FALSE,1672,24393.58
72,70,-1875.5,FALSE,1673,23005.11
72,73,10,TRUE,1674,2468.2
72,75,-156.332,FALSE,1676,4489.51
72,76,6.47,TRUE,1677,3804.38
72,95,-5639.033,FALSE,1680,22956.81
72,96,-3670.702,FALSE,1681,16427.13
72,35,-5594.77,FALSE,1682,22908.93
72,36,-5434.517,FALSE,1683,24070.32
72,97,-4152.97,FALSE,1685,16654.55
72,99,-2932.547,FALSE,1687,13627.81
72,100,-2722.204,FALSE,1688,17913.25
72,101,-3732.292,FALSE,1689,20153.08
72,102,-3732.292,FALSE,1690,20153.08
72,88,-446.699,FALSE,1692,6258.92
72,89,-209.991,FALSE,1693,8953.08
72,103,-1666.891,FALSE,1697,9341.7
72,93,-1050.169,FALSE,1698,4882.76
72,94,-1952.706,FALSE,1699,10901.34
33,18,-7475.327,FALSE,1703,20729.2
33,19,-7842.63,FALSE,1704,22287.56
33,95,-168.797,FALSE,1705,13598.42
33,24,-4692.103,FALSE,1708,14064.09
33,96,-739.576,FALSE,1709,20227.11
33,31,-7468.24,FALSE,1712,18247.52
33,34,-1433.261,FALSE,1713,11062.33
33,35,-1851.124,FALSE,1714,17838.24
33,36,-2493.429,FALSE,1715,20424.91
33,97,-1711.495,FALSE,1717,20800.01
33,41,-4779.246,FALSE,1718,21650.85
33,42,-235.612,FALSE,1719,7203.95
33,43,7.898,TRUE,1720,5760.46
33,44,-4037.73,FALSE,1721,16453.21
88,79,-3331.435,FALSE,1725,22470.84
88,53,-1112.394,FALSE,1728,19368.93
88,57,-703.712,FALSE,1732,23174.36
88,62,-5760.534,FALSE,1737,24922.11
88,86,-5953.601,FALSE,1738,24251.8
88,73,-2115.126,FALSE,1740,8475.48
88,75,-2832.302,FALSE,1742,10303.6
88,76,-1402.411,FALSE,1743,10059.06
88,95,-5964.494,FALSE,1746,23131.81
88,96,-1720.245,FALSE,1747,18238.9
88,35,-5918.757,FALSE,1748,21041.28
88,36,-5384.514,FALSE,1749,21256.23
88,97,-4422.249,FALSE,1751,15968.03
88,99,-3381.127,FALSE,1753,10286.37
88,100,-5090.933,FALSE,1754,11962.89
88,101,-6247.796,FALSE,1755,14297.44
88,102,-6247.796,FALSE,1756,14297.44
88,89,-668.976,FALSE,1758,2738.54
88,103,-2116.674,FALSE,1762,7001.2
88,93,-1314.886,FALSE,1763,5807.63
88,94,-1037.86,FALSE,1764,9142.49
88,123,-13713.011,FALSE,1766,24665.76
88,124,-12624.451,FALSE,1767,22908.2
88,104,-11405.061,FALSE,1768,21545.67
89,79,-138.105,FALSE,1770,21844.94
89,53,-210.862,FALSE,1773,22107.36
89,86,-1513.238,FALSE,1778,24897.34
89,73,10,TRUE,1780,11076.66
89,75,-58.886,FALSE,1782,12816.03
89,76,10,TRUE,1783,12757.41
89,95,10,TRUE,1786,24280.86
89,96,10,TRUE,1787,20072.29
89,35,10,TRUE,1788,21360.41
89,36,10,TRUE,1789,21097.21
89,97,-210.972,FALSE,1791,16980.19
89,99,-116.997,FALSE,1793,10361.25
89,100,10,TRUE,1794,9276.8
89,101,-77.837,FALSE,1795,11637.1
89,102,-77.837,FALSE,1796,11637.1
89,103,10,TRUE,1802,8070.28
89,93,-624.679,FALSE,1803,7560.73
89,94,10,TRUE,1804,9057.25
89,123,-2145.683,FALSE,1806,22009.45
89,124,-1800.349,FALSE,1807,20228.93
89,104,-1208.112,FALSE,1808,18849.13
95,53,-1856.004,FALSE,1809,23877.33
95,57,10,TRUE,1811,23823.73
95,73,-1256.828,FALSE,1813,24518.69
95,76,-1246.962,FALSE,1815,23451.65
95,18,-471.342,FALSE,1819,23181.17
95,19,-402.174,FALSE,1820,23874.91
95,21,-1692.948,FALSE,1821,21925.88
95,24,-296.391,FALSE,1825,17214.26
95,96,9.715,TRUE,1826,7837.13
95,34,-188.435,FALSE,1828,3203.92
95,35,10,TRUE,1829,7490.96
95,36,10,TRUE,1830,11183.15
95,97,-193.389,FALSE,1832,7326.19
95,99,-684.175,FALSE,1834,14834.21
95,103,-710.136,FALSE,1839,16247.99
95,42,10,TRUE,1841,9997.15
95,43,10,TRUE,1842,9032.43
95,45,-615.08,FALSE,1843,24182.33
13,9,-11187.413,FALSE,1845,21796.44
13,10,-284.556,FALSE,1846,15688.25
13,11,-1409.463,FALSE,1847,5784.24
13,14,10,TRUE,1850,10396.84
13,18,-4617.253,FALSE,1854,7625.26
13,19,-5310.648,FALSE,1855,7536.99
13,20,-6455.536,FALSE,1856,13923.54
13,21,-12066.463,FALSE,1857,17891.64
13,24,-5260.389,FALSE,1860,13807.2
13,25,-5872.641,FALSE,1861,22198.46
13,26,-3988.76,FALSE,1862,18793.04
13,27,-3340.544,FALSE,1863,20893.79
13,28,-2857.759,FALSE,1864,14841.1
13,31,-4627.996,FALSE,1868,14354.77
129,2,-9071.634,FALSE,1869,20342.69
129,164,-10844.963,FALSE,1870,22249.46
129,3,-10717.588,FALSE,1871,24260.71
129,167,-8881.388,FALSE,1873,17814.66
129,168,-6978.954,FALSE,1874,13459.1
129,169,-7385.804,FALSE,1876,13765.02
129,170,-7886.046,FALSE,1877,14797.68
129,171,-5828.287,FALSE,1878,13146.04
129,173,-7026.098,FALSE,1880,14684.09
129,174,-7862.599,FALSE,1881,15428.6
129,135,-4639.786,FALSE,1887,20207.28
9,53,-1441.777,FALSE,1888,13394.94
9,57,-5.038,FALSE,1892,9033.52
9,62,-2846.518,FALSE,1894,19531.75
9,67,-2606.336,FALSE,1898,16121.1
9,68,-238.802,FALSE,1899,9185.5
9,69,-2290.214,FALSE,1900,11999.18
9,70,-1598.124,FALSE,1901,10507.33
9,71,-164.108,FALSE,1902,4030.21
9,75,-2430.19,FALSE,1904,24540.37
9,76,-2110.076,FALSE,1905,22799.09
9,18,-2687.09,FALSE,1913,17830.45
9,19,-2497.81,FALSE,1914,16261.14
9,20,-448.708,FALSE,1915,7897.13
9,21,-1206.657,FALSE,1916,5819.98
9,24,-3841.941,FALSE,1919,20527.42
9,96,-344.839,FALSE,1920,20465.23
67,51,-119.29,FALSE,1923,17573.57
67,52,-535.521,FALSE,1924,18478.71
67,53,-505.08,FALSE,1925,16059.71
67,57,9.626,TRUE,1929,14861.4
67,148,-660.361,FALSE,1930,23424.45
67,62,-147.119,FALSE,1935,10287.91
67,63,10,TRUE,1936,16750.29
67,64,-924.294,FALSE,1937,22690.36
67,68,-1369.399,FALSE,1943,9264.02
67,69,-479.837,FALSE,1944,4704.01
67,70,10,TRUE,1945,6724.58
67,71,-609.045,FALSE,1946,12139.4
67,75,-268.492,FALSE,1947,23870.83
67,76,10,TRUE,1948,23855.05
67,20,-2098.43,FALSE,1952,23513.87
67,21,-1930.922,FALSE,1953,21826.98
73,79,-724.582,FALSE,1954,23415.54
73,53,-2223.386,FALSE,1957,11892.92
73,57,-1912.238,FALSE,1961,16112.26
73,85,-1473.228,FALSE,1966,23835.18
73,62,-658.777,FALSE,1967,16476.9
73,63,-4.509,FALSE,1968,19638.14
73,86,-1866.879,FALSE,1969,21108.9
73,64,-682.787,FALSE,1970,19869.57
73,69,-4099.246,FALSE,1973,22420.78
73,70,-3515.961,FALSE,1974,21136.17
73,71,-3662.979,FALSE,1975,23622.14
73,75,10,TRUE,1978,2028.11
73,76,-4.648,FALSE,1979,2240.27
73,96,-2461.656,FALSE,1983,17579.82
73,35,-3253.322,FALSE,1984,24986.87
73,97,-2711.257,FALSE,1986,18559.13
73,99,-1539.149,FALSE,1988,16024.35
73,100,-1913.933,FALSE,1989,19726.34
73,101,-2483.632,FALSE,1990,21882.74
73,102,-2483.632,FALSE,1991,21882.74
73,103,-877.984,FALSE,1998,11715.61
73,93,-300.872,FALSE,1999,5391.16
73,94,-357.215,FALSE,2000,11275.83
189,185,-1709.903,FALSE,2001,24724.46
189,186,-2784.598,FALSE,2002,22139.77
189,187,-3836.389,FALSE,2003,23937.03
189,188,-2002.034,FALSE,2004,12681.31
189,4,-7712.498,FALSE,2005,22473.26
164,2,-865.678,FALSE,2006,2778.68
164,3,-2.055,FALSE,2007,2427.86
164,185,-2330.518,FALSE,2008,24785.65
164,165,-1821.321,FALSE,2009,16615.1
164,4,-2831,FALSE,2011,13877.53
164,167,-4114.707,FALSE,2012,12679.72
164,168,-3677.7,FALSE,2013,10268.89
164,169,-3699.523,FALSE,2015,8696.29
164,170,-3258.795,FALSE,2016,7689.03
164,171,-3447.3,FALSE,2017,9135.98
164,173,-3094.25,FALSE,2019,7570.9
164,174,-3372.259,FALSE,2020,11552.84
164,6,-1863.699,FALSE,2026,16195.38
18,57,-4819.639,FALSE,2027,24086.15
18,71,-3823.565,FALSE,2030,21858.81
18,10,-4877.93,FALSE,2031,23303.59
18,11,-3111.881,FALSE,2032,12469.55
18,14,-3903.48,FALSE,2036,17999.07
18,19,10,TRUE,2040,1866.28
18,20,-237.024,FALSE,2041,10431.66
18,21,-3068.949,FALSE,2042,12672.17
18,24,-931.853,FALSE,2047,6841.2
18,96,-3327.347,FALSE,2048,22799.97
18,28,-3792.477,FALSE,2049,20471.5
18,31,-1362.498,FALSE,2053,14286.58
18,34,-4235.199,FALSE,2054,23713.35
18,43,-2807.019,FALSE,2055,23461.29
46,36,10,TRUE,2056,22662.9
46,40,10,TRUE,2059,14386.64
46,125,10,TRUE,2060,24995.36
46,45,-408.166,FALSE,2063,9509.31
46,182,10,TRUE,2064,21475
26,10,10,TRUE,2065,10399.35
26,11,-250.967,FALSE,2066,13239.6
26,14,10,TRUE,2070,10235.24
26,114,-337.467,FALSE,2071,24967.99
26,153,10,TRUE,2073,15902.64
26,180,10,TRUE,2074,14269.6
26,25,-4.619,FALSE,2075,3410.27
26,27,10,TRUE,2076,3756.88
26,28,10,TRUE,2077,7386.11
26,106,-53.914,FALSE,2080,19459.16
26,31,-570.734,FALSE,2081,20682.76
26,107,-236.307,FALSE,2082,21606.49
24,57,-4142.475,FALSE,2083,24497.63
24,71,-3864.626,FALSE,2086,24410.1
24,11,-930.689,FALSE,2087,17433.65
24,14,-1014.812,FALSE,2091,23757.07
24,19,-904.865,FALSE,2096,8257.93
24,20,-670.44,FALSE,2097,14698.44
24,21,-2780.778,FALSE,2098,14726.89
24,96,-2658.714,FALSE,2103,18544.86
24,28,-45.779,FALSE,2104,23759.23
24,31,-33.08,FALSE,2108,13586.08
24,34,-4569.888,FALSE,2109,17292.47
24,35,-4869.842,FALSE,2110,24526.69
24,97,-4392.443,FALSE,2111,23329.93
24,42,-5231.47,FALSE,2112,18946.48
24,43,-4486.04,FALSE,2113,16629.4
68,51,-10479.529,FALSE,2116,21822.38
68,52,-11176.531,FALSE,2117,23046.4
68,53,-5542.274,FALSE,2118,16812.66
68,57,-2034.665,FALSE,2122,13407.7
68,62,-8134.142,FALSE,2126,17081.66
68,69,-3885.698,FALSE,2133,7485.48
68,70,-2959.08,FALSE,2134,7725.86
68,71,-854.229,FALSE,2135,6437.67
68,122,-8072.866,FALSE,2138,23350.53
68,19,-1204.3,FALSE,2143,23871.91
68,20,10,TRUE,2144,15212.03
68,21,-1603.042,FALSE,2145,14867.09
187,185,10,TRUE,2146,5832.46
187,186,10,TRUE,2147,4386.42
187,188,10,TRUE,2149,11406.54
187,165,10,TRUE,2150,14822.45
187,190,-1546.419,FALSE,2151,15934.14
187,167,-579.624,FALSE,2153,24952.76
170,2,-657.338,FALSE,2154,6533.99
170,3,-1023.921,FALSE,2156,9953.43
170,165,-14732.771,FALSE,2157,17088.65
170,4,-2519.59,FALSE,2159,21566.56
170,167,-7548.721,FALSE,2160,8602.06
170,168,-1758.42,FALSE,2161,3163.77
170,169,-82.122,FALSE,2163,1034.72
170,171,0.332,TRUE,2164,2659.17
170,173,10,TRUE,2166,1778.77
170,174,-4806.268,FALSE,2167,6099.14
170,6,-3613.86,FALSE,2173,19761.94
42,96,10,TRUE,2180,17778.14
42,34,-566.543,FALSE,2183,6796.99
42,35,-188.52,FALSE,2184,11541.14
42,36,-299.997,FALSE,2185,13588.22
42,97,-8.75,FALSE,2187,16084.51
42,99,-322.248,FALSE,2189,22323.92
42,103,-601.979,FALSE,2190,24904.34
42,41,10,TRUE,2192,21199.35
42,43,10,TRUE,2193,2328.43
42,44,-157.174,FALSE,2194,15536.42
42,45,-481.956,FALSE,2196,19803.93
42,47,-1329.481,FALSE,2197,24914.9
186,185,9.849,TRUE,2199,2987.92
186,188,-1391.531,FALSE,2202,9526.56
186,165,-1874.498,FALSE,2203,11083.07
186,190,-618.981,FALSE,2204,18522.18
186,167,-4308.735,FALSE,2206,21442.65
186,174,-5119.321,FALSE,2207,24097.22
100,79,-25.421,FALSE,2209,20200.84
100,141,-576.358,FALSE,2212,23244.88
100,142,-777.403,FALSE,2213,23932.8
100,75,-1371.149,FALSE,2217,21171.82
100,76,-637.482,FALSE,2218,21657.58
100,36,-3532.195,FALSE,2220,24904.34
100,97,-3083.704,FALSE,2222,23914.78
100,99,-2879.736,FALSE,2224,16286.86
100,101,7.861,TRUE,2225,2402.36
100,102,7.861,TRUE,2226,2402.36
100,103,-1467.536,FALSE,2233,16036.93
100,93,-648.835,FALSE,2234,14993.47
100,94,8.972,TRUE,2235,12282.3
100,40,-5029.304,FALSE,2238,22123.74
100,125,-3933.289,FALSE,2239,18571.49
100,123,-4094.257,FALSE,2240,14453.32
100,124,-3450.026,FALSE,2241,12509.81
100,104,-2561.248,FALSE,2243,10986
85,79,-1370.441,FALSE,2245,20509.48
85,149,-3237.89,FALSE,2253,14737.11
85,84,-2843.594,FALSE,2254,9736.06
85,62,-5377.935,FALSE,2259,18142.93
85,63,-1682.384,FALSE,2260,9386.22
85,86,-1358.659,FALSE,2261,9412.83
85,64,-582.531,FALSE,2262,4391.2
85,75,-5240.609,FALSE,2267,22046.41
85,76,-5430.787,FALSE,2268,24532.01
85,93,-4679.701,FALSE,2271,23682.93
85,94,-3678.69,FALSE,2272,22946.84
123,99,-4832.87,FALSE,2275,23368.82
123,101,-2297.985,FALSE,2277,13301.85
123,102,-2297.985,FALSE,2278,13301.85
123,178,-4926.387,FALSE,2279,20464.96
123,40,-1876.838,FALSE,2286,11215.26
123,125,-314.978,FALSE,2287,4259.83
123,124,10,TRUE,2288,1955.99
123,104,-1.614,FALSE,2290,3490.57
40,35,-511.808,FALSE,2291,24724.32
40,36,10,TRUE,2292,21102.58
40,99,-2214.443,FALSE,2295,23153.52
40,101,-1226.198,FALSE,2297,21983.46
40,102,-1226.198,FALSE,2298,21983.46
40,125,-923.681,FALSE,2301,11162.07
40,124,-1390.848,FALSE,2303,12429.16
40,104,-713.064,FALSE,2305,13493.24
40,45,-1298.416,FALSE,2308,17799.56
173,2,-1158.467,FALSE,2310,5821.08
173,3,-832.836,FALSE,2312,9610.22
173,165,-1916.403,FALSE,2313,18690.19
173,4,-2416.803,FALSE,2315,21315.77
173,167,-1684.396,FALSE,2316,10380.25
173,168,10,TRUE,2317,4697.18
173,169,-63.362,FALSE,2319,2000.52
173,171,-342.253,FALSE,2321,1590.18
173,174,-896.358,FALSE,2323,7843.24
173,6,-5898.439,FALSE,2329,18204.28
185,188,-1117.428,FALSE,2334,12267.39
185,165,10,TRUE,2335,9004.98
185,190,-765.657,FALSE,2336,16973.79
185,167,-911.022,FALSE,2338,19136.63
185,168,-951.802,FALSE,2339,24979.09
185,174,-995.248,FALSE,2340,21880.98
41,145,-66.128,FALSE,2343,23886.39
41,43,-91.895,FALSE,2346,22703.37
41,44,10,TRUE,2347,5663.9
41,45,-1054.476,FALSE,2349,23344.22
41,47,10,TRUE,2350,6755.16
75,79,-3220.453,FALSE,2352,23092.89
75,53,-233.508,FALSE,2355,11190.07
75,57,8.388,TRUE,2359,15523.75
75,62,-1579.516,FALSE,2365,14624.13
75,63,-515.77,FALSE,2366,17617.22
75,86,-4549.747,FALSE,2367,19869.46
75,64,-1104.618,FALSE,2368,18004.86
75,69,-1643.128,FALSE,2374,21039.09
75,70,-700.412,FALSE,2375,19871.98
75,71,-553.521,FALSE,2376,22834
75,76,2.641,TRUE,2380,2709.5
75,96,-1769.04,FALSE,2383,18890.86
75,97,-2606.735,FALSE,2385,20329.84
75,99,-1559.164,FALSE,2387,18041.21
75,101,-2277.542,FALSE,2389,23251.26
75,102,-2277.542,FALSE,2390,23251.26
75,103,-944.756,FALSE,2397,13727.69
75,93,-449.413,FALSE,2398,6343.06
75,94,-642.284,FALSE,2399,11753.29
135,134,-2638.019,FALSE,2403,13102.38
135,184,-2803.342,FALSE,2405,19177.34
135,136,-4220.848,FALSE,2407,22231.82
135,177,-4822.715,FALSE,2408,23043.73
45,34,-3409.537,FALSE,2410,22281.05
45,35,-2448.725,FALSE,2411,17954.35
45,36,-982.491,FALSE,2412,15073.22
45,97,-2748.991,FALSE,2414,24407.79
45,99,-3764.447,FALSE,2416,24687.13
45,43,-2701.891,FALSE,2422,22039.16
45,44,-1622.357,FALSE,2423,20318.54
45,47,-2628.217,FALSE,2427,21210.8
106,11,-1102.912,FALSE,2429,22099.87
106,153,-1319.401,FALSE,2431,6563.5
106,25,-2264.077,FALSE,2432,19644.6
106,27,-1307.743,FALSE,2434,22845.98
106,28,3.635,TRUE,2435,14711.49
106,144,10,TRUE,2440,23642.27
106,145,10,TRUE,2441,20482.02
106,31,-735.135,FALSE,2442,15809.15
106,107,10,TRUE,2443,4117.43
10,11,-494.911,FALSE,2444,12496.58
10,14,10,TRUE,2448,5692.37
10,114,-458.264,FALSE,2451,18580.59
10,115,10,TRUE,2452,23289.79
10,19,-987.769,FALSE,2455,22983.33
10,180,10,TRUE,2456,18395.57
10,25,-344.693,FALSE,2457,12735.44
10,27,10,TRUE,2459,9301.47
10,28,10,TRUE,2460,14148.03
10,31,-629.342,FALSE,2462,24545.76
144,145,10,TRUE,2464,11953.45
144,107,-273.624,FALSE,2465,23774.05
134,132,-2558.773,FALSE,2467,20375.2
134,133,-2939.423,FALSE,2468,21158.25
134,184,-1324.882,FALSE,2471,24460.6
134,136,-101.444,FALSE,2472,14084.02
156,158,-760.298,FALSE,2475,10305.6
156,159,-742.207,FALSE,2476,6529.73
156,160,-1874.126,FALSE,2477,9323.14
156,161,-146.323,FALSE,2478,2276.06
156,162,-191.198,FALSE,2479,2315.36
76,53,-48.936,FALSE,2481,9729.38
76,57,9.808,TRUE,2485,13903.91
76,62,-227.932,FALSE,2491,15340.92
76,63,10,TRUE,2492,19500.38
76,86,-1247.531,FALSE,2493,22578.89
76,64,-507.495,FALSE,2494,20401.39
76,69,-393.916,FALSE,2500,20589.94
76,70,10,TRUE,2501,19215.45
76,71,-351.161,FALSE,2502,21453.07
76,21,-1177.08,FALSE,2509,23862.5
76,96,-657.66,FALSE,2512,16203.72
76,35,-2761.813,FALSE,2513,24564.6
76,97,-2031.28,FALSE,2515,17943.4
76,99,-2230.255,FALSE,2517,16370.81
76,101,-1523.856,FALSE,2519,23864.38
76,102,-1523.856,FALSE,2520,23864.38
76,103,-1286.267,FALSE,2527,12063.68
76,93,-84.823,FALSE,2528,7618.02
76,94,10,TRUE,2529,13514.01
148,118,-1409.969,FALSE,2531,17579.24
148,51,-2377.846,FALSE,2532,12355.01
148,52,-1791.299,FALSE,2533,11203.09
148,150,-299.31,FALSE,2536,12694.75
148,151,-175.724,FALSE,2537,15123.32
148,152,10,TRUE,2538,16471.21
167,2,-3027.173,FALSE,2541,13314.09
167,3,-3155.49,FALSE,2543,15014.44
167,165,-601.218,FALSE,2547,10395.52
167,191,-8571.056,FALSE,2548,21116.5
167,4,-6706.957,FALSE,2550,24832.05
167,168,10,TRUE,2551,6331.93
167,169,-731.443,FALSE,2553,8700.12
167,171,-189.888,FALSE,2555,10843.25
167,174,10,TRUE,2558,2878.45
102,79,-2178.394,FALSE,2564,19947.57
102,141,-5461.234,FALSE,2567,21664.85
102,142,-5741.259,FALSE,2568,22308.5
102,99,-4411.712,FALSE,2576,18505.53
102,103,-2771.138,FALSE,2584,18414.81
102,93,-714.685,FALSE,2585,16990.1
102,94,-301.123,FALSE,2586,13668.26
102,125,-4225.433,FALSE,2590,17242.95
102,124,-4059.626,FALSE,2592,11348.4
102,104,-3013.48,FALSE,2594,9817.58
184,136,-135.103,FALSE,2598,20905.43
184,177,10,TRUE,2599,8810.29
184,178,-31.962,FALSE,2600,18377.99
184,179,-72.124,FALSE,2601,12448.31
113,109,10,TRUE,2604,12733.93
113,122,-1120.47,FALSE,2606,21527.27
113,114,-584.534,FALSE,2611,19438.45
113,115,10,TRUE,2612,9223.55
145,107,-94.793,FALSE,2617,18528.88
79,183,-1369.443,FALSE,2625,14675.7
79,141,-243.124,FALSE,2626,13011.35
79,142,-448.519,FALSE,2627,13826.78
79,149,10,TRUE,2628,17409.31
79,84,-677.39,FALSE,2629,17967.69
79,86,-34.031,FALSE,2633,11101.07
79,64,10,TRUE,2634,20694.33
79,101,-63.859,FALSE,2640,19947.57
79,93,-1141.401,FALSE,2648,18965.16
79,94,-491.787,FALSE,2649,13418.89
27,11,-48.186,FALSE,2651,15710.36
27,14,10,TRUE,2655,11193.74
27,114,-214.375,FALSE,2656,21498.57
27,153,10,TRUE,2657,18709.24
27,180,-58.191,FALSE,2658,11277.31
27,25,-282.07,FALSE,2659,3806.62
27,28,-42.158,FALSE,2661,11077.94
27,31,-1692.823,FALSE,2665,24277.97
158,118,-335.501,FALSE,2667,24722.76
158,159,-9308.981,FALSE,2671,16246.17
158,160,-14676.689,FALSE,2672,18039.69
158,161,-8574.364,FALSE,2673,12572.98
158,162,-6644.278,FALSE,2674,9570.09
19,57,-5071.293,FALSE,2681,22910.27
19,71,-2764.121,FALSE,2685,20277.42
19,11,-2997.159,FALSE,2687,12890.88
19,14,-4256.815,FALSE,2691,17888.43
19,20,-110.878,FALSE,2696,8694.61
19,21,-2853.048,FALSE,2697,11339.47
19,96,-3874.557,FALSE,2703,22879.21
19,28,-3270.949,FALSE,2704,21323.21
19,31,-590.663,FALSE,2708,16001.14
19,34,-4122.604,FALSE,2709,24628.65
19,43,-1767.295,FALSE,2710,24749.38
31,11,-744.441,FALSE,2712,12744.64
31,14,-642.674,FALSE,2716,19140.14
31,20,-1052.608,FALSE,2722,24693.31
31,153,-1352.066,FALSE,2727,19885.57
31,25,-1559.284,FALSE,2728,23196.03
31,28,10,TRUE,2731,13344.09
31,107,-1083.231,FALSE,2737,13249.06
31,43,-1088.373,FALSE,2738,23557.81
132,191,-3216.722,FALSE,2739,20716.41
132,133,-181.071,FALSE,2740,2345.63
159,160,-694.913,FALSE,2747,10180.24
159,161,-1237.332,FALSE,2748,4899.02
159,162,-1545.999,FALSE,2749,8547.36
149,183,-1447.533,FALSE,2754,24399.68
149,84,-1981.042,FALSE,2757,5100.34
149,63,-6372.383,FALSE,2760,24072.81
149,86,-2533.839,FALSE,2761,12546.02
149,64,-5067.326,FALSE,2762,18421.98
101,141,-5461.234,FALSE,2768,21664.85
101,142,-5741.259,FALSE,2769,22308.5
101,99,-4411.712,FALSE,2777,18505.53
101,103,-2771.138,FALSE,2785,18414.81
101,93,-714.685,FALSE,2786,16990.1
101,94,-301.123,FALSE,2787,13668.26
101,125,-4225.433,FALSE,2791,17242.95
101,124,-4059.626,FALSE,2793,11348.4
101,104,-3013.48,FALSE,2795,9817.58
125,178,10,TRUE,2800,17067.89
125,179,10,TRUE,2801,23284.96
125,124,10,TRUE,2806,6109.58
125,104,10,TRUE,2808,7601.56
114,14,-2682.284,FALSE,2811,24224.99
114,115,-135.247,FALSE,2817,10485.29
114,180,10,TRUE,2818,20007.56
114,25,-1108.191,FALSE,2819,24891.16
43,96,10,TRUE,2831,16562.13
43,34,-33.722,FALSE,2835,5997.35
43,35,10,TRUE,2836,12132.53
43,36,10,TRUE,2837,14666.99
43,97,-44.377,FALSE,2839,15756.97
43,99,-358.373,FALSE,2841,22499.59
43,103,-508.23,FALSE,2842,24725.56
43,44,-135.732,FALSE,2846,17074.83
11,14,-989.598,FALSE,2854,6813.64
11,20,-1108.963,FALSE,2860,19697.81
11,21,-2430.234,FALSE,2861,23647.68
11,153,-1643.388,FALSE,2864,22507.95
11,25,-1698.262,FALSE,2865,16614.97
11,28,10,TRUE,2868,9148.1
11,107,-1180.028,FALSE,2875,21761.24
115,109,-2035.733,FALSE,2878,20240.17
150,51,-1585.32,FALSE,2886,24697.57
150,52,-1348.687,FALSE,2887,23436.66
150,151,-262.52,FALSE,2891,2518.62
150,152,-14.524,FALSE,2892,3777.87
34,21,-15579.044,FALSE,2898,24037.67
34,96,-6111.365,FALSE,2904,11024.7
34,35,-471.986,FALSE,2906,7560.73
34,36,-158.355,FALSE,2907,10935.56
34,97,-5207.287,FALSE,2909,9812.57
34,99,-8614.788,FALSE,2911,16864.21
34,103,-10889.119,FALSE,2913,18808.95
34,44,-5401.292,FALSE,2917,22280.57
69,51,-4067.243,FALSE,2921,22004.38
69,52,-4295.615,FALSE,2922,22979.59
69,53,-4393.9,FALSE,2923,11949.69
69,57,-2073.376,FALSE,2927,10243.92
69,62,-1108.785,FALSE,2932,9596.73
69,63,10,TRUE,2933,17854.32
69,64,-893.263,FALSE,2934,23471.51
69,70,-2.242,FALSE,2942,2026.85
69,71,-1467.755,FALSE,2943,7971.45
69,20,-3945.052,FALSE,2952,19717.49
69,21,-4707.723,FALSE,2953,17515.74
62,53,-3671.536,FALSE,2955,11143.4
62,57,-2640.768,FALSE,2959,13031.28
62,63,-43.129,FALSE,2966,9000.43
62,86,-2920.466,FALSE,2967,22572.45
62,64,-2061.221,FALSE,2968,14116.86
62,70,-2400.372,FALSE,2977,9806.16
62,71,-4008.122,FALSE,2978,15935.65
62,21,-6567.393,FALSE,2986,24002.96
62,93,-3271.398,FALSE,2990,20443.16
62,94,-2306.152,FALSE,2991,24310.42
103,53,-3489.97,FALSE,2993,18993.81
103,57,-2698.658,FALSE,2997,21883.27
103,96,-1789.164,FALSE,3007,12328.41
103,35,-2091.568,FALSE,3009,14197.95
103,36,-1030.835,FALSE,3010,14871.49
103,97,-1814.935,FALSE,3012,9000.43
103,99,-546.292,FALSE,3014,4321.71
103,93,-272.493,FALSE,3024,11923.69
103,94,-357.434,FALSE,3025,16139.71
103,124,-3654.312,FALSE,3027,24159.92
103,104,-3200.632,FALSE,3028,23067.75
51,118,10,TRUE,3034,8871.43
51,52,10,TRUE,3035,1341.99
51,70,-6520.402,FALSE,3044,23990.26
51,122,-2068.35,FALSE,3047,19232.46
35,96,10,TRUE,3057,12397.75
35,36,10,TRUE,3059,3701.27
35,97,5.926,TRUE,3061,6800.26
35,99,-286.886,FALSE,3063,11003.46
35,44,-2241.371,FALSE,3076,24846.76
25,14,-3257.774,FALSE,3084,13470.31
25,153,-2985.87,FALSE,3086,15084.68
25,180,-1268.335,FALSE,3087,11503.77
25,28,-1314.8,FALSE,3090,9899.29
25,107,-5410.303,FALSE,3095,22334.34
160,161,-4449.18,FALSE,3101,7749.35
160,162,-4733.648,FALSE,3102,8734.55
47,44,-110.315,FALSE,3106,10497.81
183,141,-1312.599,FALSE,3115,3349.16
183,142,-1324.967,FALSE,3116,2800.14
183,86,-5744.852,FALSE,3118,24578.47
180,14,-435.076,FALSE,3120,22018.97
180,153,-365.863,FALSE,3122,23412.25
180,28,10,TRUE,3126,21381.48
169,2,-237.64,FALSE,3128,7408.83
169,3,-787.406,FALSE,3130,10932.47
169,165,-5946.51,FALSE,3131,17639.14
169,4,-2140.232,FALSE,3133,22571.61
169,168,-161.065,FALSE,3135,2720.21
169,171,10,TRUE,3138,2161.79
169,174,-1240.547,FALSE,3141,6020.12
169,6,-4327.928,FALSE,3147,20204.59
171,2,-1812.772,FALSE,3148,7242.9
171,3,-1543.88,FALSE,3150,11117.27
171,165,-851.631,FALSE,3151,19723.19
171,4,-3536.567,FALSE,3153,22817.87
171,168,10,TRUE,3155,4682.14
171,174,-55.878,FALSE,3161,8114.24
171,6,-7675.741,FALSE,3167,18707.59
151,152,10,TRUE,3172,1605.96
118,52,10,TRUE,3177,8774.6
118,109,10,TRUE,3182,22847.33
118,122,-481.91,FALSE,3184,15808.79
52,70,-4594.497,FALSE,3198,24979.75
52,122,-991.179,FALSE,3201,20218.04
177,178,-349.085,FALSE,3205,11496.93
177,179,10,TRUE,3206,7662.51
36,96,10,TRUE,3215,15658.13
36,97,1.975,TRUE,3219,9364.33
36,99,10,TRUE,3221,10972.65
20,53,-983.926,FALSE,3238,20090.16
20,57,10,TRUE,3242,15890.59
20,70,-492.752,FALSE,3250,18352.4
20,71,10,TRUE,3251,11805.3
20,14,-498.534,FALSE,3257,22759.93
20,21,-665.66,FALSE,3263,4910.1
20,96,10,TRUE,3267,21695.34
70,53,-945.734,FALSE,3272,10220.27
70,57,-210.934,FALSE,3276,8240.98
70,63,10,TRUE,3282,18504.49
70,64,-546.513,FALSE,3283,23903
70,71,-1114.472,FALSE,3292,6550.91
70,21,-4096.142,FALSE,3302,15830.93
70,96,-1760.248,FALSE,3304,24660.3
53,57,-7.569,FALSE,3309,4361.99
53,63,-5781.759,FALSE,3315,19093.21
53,64,-6908.366,FALSE,3316,22624.69
53,71,-1507.757,FALSE,3326,11729.4
53,21,-4406.045,FALSE,3337,15640.18
53,96,-1172.556,FALSE,3340,16090.49
53,97,-2807.633,FALSE,3341,21017.7
53,99,-2756.227,FALSE,3343,22788.88
53,93,-2632.939,FALSE,3351,17263
53,94,-2410.65,FALSE,3352,22935.49
71,57,9.602,TRUE,3357,7685.58
71,63,-1186.926,FALSE,3362,24848.97
71,21,-442.7,FALSE,3383,9691.34
71,96,-61.812,FALSE,3386,22121.28
191,165,-3251.339,FALSE,3387,24116.69
191,190,-4167.15,FALSE,3388,22187.92
191,168,-2685.782,FALSE,3390,24996.88
191,174,-2352.031,FALSE,3391,22442.03
191,133,-7284.909,FALSE,3393,18681.68
107,153,-440.143,FALSE,3396,10594.54
107,28,-459.589,FALSE,3399,15761.99
161,162,5.655,TRUE,3414,3743.2
124,99,-9017.636,FALSE,3417,22150.02
124,178,-4374.368,FALSE,3421,21613.95
124,94,-7742.143,FALSE,3428,24783.18
124,104,-45.107,FALSE,3435,1534.62
141,142,10,TRUE,3443,872.4
141,86,-4369.24,FALSE,3444,23616.36
141,94,-536.446,FALSE,3448,23139.07
3,2,10,TRUE,3449,4001.03
3,165,-1331.514,FALSE,3451,18082.61
3,4,-654.841,FALSE,3453,11705.68
3,168,-750.703,FALSE,3455,12651.09
3,174,-1679.148,FALSE,3462,13973.66
3,6,-2006.695,FALSE,3469,14741.4
153,14,-583.148,FALSE,3471,23917.43
153,28,2.892,TRUE,3476,13666.54
63,57,9.978,TRUE,3489,21751.51
63,84,-929.569,FALSE,3493,19116.51
63,86,2.909,TRUE,3500,15830.74
63,64,10,TRUE,3501,5983.43
63,93,-425.921,FALSE,3517,21607.04
63,94,10,TRUE,3518,23331.17
96,57,10,TRUE,3523,16422.94
96,21,-73.273,FALSE,3540,17292.4
96,97,-415.382,FALSE,3550,6818.66
96,99,-270.365,FALSE,3552,13153.58
96,93,-104.077,FALSE,3560,21033.25
84,86,-369.27,FALSE,3577,9931.97
84,64,-3931.463,FALSE,3578,13643.74
104,99,-9338.249,FALSE,3582,21257.84
104,178,-1155.594,FALSE,3586,22604.98
104,94,-4114.883,FALSE,3593,23254.42
6,2,-2896.151,FALSE,3612,14587.45
6,4,-5760.126,FALSE,3616,18172.24
6,168,-4527.037,FALSE,3617,22882.35
178,179,10,TRUE,3633,6344.14
28,14,10,TRUE,3644,10622.92
86,142,-2788.995,FALSE,3669,24358.76
86,64,-683.715,FALSE,3681,10033.53
86,93,-4597.367,FALSE,3695,18879.59
86,94,-3571.933,FALSE,3696,16047.78
188,165,-4389.077,FALSE,3701,17216.97
188,4,-5969.948,FALSE,3703,23963.65
2,165,-2372.249,FALSE,3706,18709.6
2,4,-1283.076,FALSE,3708,15617.58
2,168,-689.428,FALSE,3710,9552.78
2,174,-1024.6,FALSE,3717,11624.53
93,57,10,TRUE,3761,21501.99
93,64,-1363.88,FALSE,3770,20299.76
93,97,-599.908,FALSE,3780,20361.41
93,99,-2623.027,FALSE,3782,15769.8
93,94,-113.512,FALSE,3793,6044.85
109,122,-1108.474,FALSE,3802,11565.16
165,190,-1201.831,FALSE,3816,22371.35
165,4,-2059.308,FALSE,3819,23375.83
165,168,-590.68,FALSE,3821,16004.56
165,174,-318.365,FALSE,3828,13014.67
168,4,-6697.021,FALSE,3841,24020.45
168,174,-178.471,FALSE,3849,3495.71
97,57,-4882.996,FALSE,3864,22291.64
97,21,-8399.902,FALSE,3872,24098.23
97,99,-1211.618,FALSE,3884,7679.51
174,4,-3787.793,FALSE,3906,24626.59
21,57,-134.478,FALSE,3922,11659.12
64,94,-106.014,FALSE,3990,20461.47
99,94,-1297.014,FALSE,4079,19229
94,142,-1154.676,FALSE,4108,24003.49
137,138,-2093.626,FALSE,305,8822.03
